applicant_id,age,score,monthly_income,dti,late_payments,risk_grade,recommendation,age_group
A0000,60,570,18129.35,9.32,4,C,REVIEW,51-60
A0001,50,385,17249.5,14.31,1,D,DENY,41-50
A0002,36,445,7672.65,35.01,0,D,REVIEW,31-40
A0003,64,836,6972.27,15.98,1,A,APPROVE,61-70
A0004,29,467,19669.76,29.99,4,D,REVIEW,18-30
A0005,42,842,11490.77,8.25,0,A,APPROVE,41-50
A0006,60,436,18315.58,23.09,3,D,REVIEW,51-60
A0007,40,729,4949.86,34.56,2,B,APPROVE,31-40
A0008,44,751,13570.74,32.46,0,B,APPROVE,41-50
A0009,32,220,16577.48,37.6,4,E,DENY,31-40
A0010,32,936,19053.11,40.1,0,A,APPROVE,31-40
A0011,45,719,8072.12,35.93,1,B,APPROVE,41-50
A0012,57,299,15049.66,31.86,0,E,DENY,51-60
A0013,61,677,11698.63,6.27,3,B,APPROVE,61-70
A0014,45,798,3091.32,26.4,0,B,APPROVE,41-50
A0015,24,497,14420.0,6.51,2,D,REVIEW,18-30
A0016,43,725,14421.74,37.32,0,B,APPROVE,41-50
A0017,23,533,18750.92,17.83,1,C,REVIEW,18-30
A0018,45,201,10951.62,27.5,0,E,DENY,41-50
A0019,65,574,6144.52,16.18,3,C,REVIEW,61-70
A0020,51,492,2802.15,36.3,4,D,REVIEW,51-60
A0021,59,752,9481.56,40.46,0,B,APPROVE,51-60
A0022,23,517,7434.5,20.95,0,C,REVIEW,18-30
A0023,42,701,15699.59,39.52,2,B,APPROVE,41-50
A0024,54,580,8376.82,15.68,3,C,REVIEW,51-60
A0025,33,822,19083.28,26.39,4,A,APPROVE,31-40
A0026,43,213,19321.58,39.35,1,E,DENY,41-50
A0027,65,703,13176.35,18.04,0,B,APPROVE,61-70
A0028,46,430,18715.89,43.16,4,D,REVIEW,41-50
A0029,48,283,15695.38,9.88,1,E,DENY,41-50
A0030,63,329,11843.47,5.73,3,E,DENY,61-70
A0031,49,942,5245.54,41.17,3,A,APPROVE,41-50
A0032,37,344,10254.76,7.75,4,E,DENY,31-40
A0033,36,227,12095.74,44.68,1,E,DENY,31-40
A0034,68,265,17551.31,43.06,3,E,DENY,61-70
A0035,65,362,10664.0,10.48,4,D,DENY,61-70
A0036,24,428,18158.14,26.5,3,D,REVIEW,18-30
A0037,58,460,14138.28,12.4,3,D,REVIEW,51-60
A0038,28,648,4465.98,22.13,3,C,REVIEW,18-30
A0039,42,623,19909.66,7.46,2,C,REVIEW,41-50
A0040,30,659,11490.19,13.96,1,B,APPROVE,18-30
A0041,60,875,9053.45,19.53,4,A,APPROVE,51-60
A0042,39,500,13864.05,22.55,4,C,REVIEW,31-40
A0043,25,502,3960.08,44.1,1,C,REVIEW,18-30
A0044,46,486,13457.7,37.31,1,D,REVIEW,41-50
A0045,35,594,10968.25,34.5,1,C,REVIEW,31-40
A0046,30,209,9320.13,26.48,1,E,DENY,18-30
A0047,47,906,19154.36,38.6,0,A,APPROVE,41-50
A0048,23,829,11405.71,18.57,4,A,APPROVE,18-30
A0049,41,469,5944.11,33.36,0,D,REVIEW,41-50
A0050,49,791,10261.34,44.75,3,B,APPROVE,41-50
A0051,68,804,18548.97,17.59,3,A,APPROVE,61-70
A0052,28,560,5169.72,31.96,4,C,REVIEW,18-30
A0053,65,456,5851.23,38.77,3,D,REVIEW,61-70
A0054,29,332,2234.53,41.63,1,E,DENY,18-30
A0055,68,475,2255.42,33.72,0,D,REVIEW,61-70
A0056,56,882,16929.05,16.34,1,A,APPROVE,51-60
A0057,35,712,15178.21,18.05,3,B,APPROVE,31-40
A0058,38,512,8390.74,5.83,0,C,REVIEW,31-40
A0059,57,775,14569.6,35.44,1,B,APPROVE,51-60
A0060,61,483,9113.71,6.71,4,D,REVIEW,61-70
A0061,25,320,19152.14,39.59,1,E,DENY,18-30
A0062,23,306,19406.95,9.75,3,E,DENY,18-30
A0063,27,886,9070.29,11.88,0,A,APPROVE,18-30
A0064,63,403,17375.99,24.06,4,D,REVIEW,61-70
A0065,25,364,15915.6,34.52,0,D,DENY,18-30
A0066,50,504,7580.0,10.56,4,C,REVIEW,41-50
A0067,39,696,6176.72,22.6,0,B,APPROVE,31-40
A0068,47,831,10248.22,24.31,3,A,APPROVE,41-50
A0069,65,755,16064.28,13.49,4,B,APPROVE,61-70
A0070,55,355,19283.02,9.62,2,D,DENY,51-60
A0071,31,566,15744.42,38.46,0,C,REVIEW,31-40
A0072,57,918,17393.73,25.1,0,A,APPROVE,51-60
A0073,35,819,12855.16,5.58,1,A,APPROVE,31-40
A0074,52,450,17037.34,37.12,4,D,REVIEW,51-60
A0075,69,533,16119.58,44.23,2,C,REVIEW,61-70
A0076,36,841,8785.74,29.24,3,A,APPROVE,31-40
A0077,29,710,11935.83,25.15,1,B,APPROVE,18-30
A0078,35,492,16485.56,40.14,2,D,REVIEW,31-40
A0079,44,219,2829.02,43.1,4,E,DENY,41-50
A0080,61,481,16545.43,35.18,2,D,REVIEW,61-70
A0081,42,200,5201.99,22.82,0,E,DENY,41-50
A0082,37,318,11264.31,28.69,0,E,DENY,31-40
A0083,66,234,16548.96,33.04,1,E,DENY,61-70
A0084,39,397,6568.78,12.77,4,D,DENY,31-40
A0085,68,684,6424.53,22.89,4,B,APPROVE,61-70
A0086,45,258,9249.76,38.19,2,E,DENY,41-50
A0087,47,360,18103.57,31.19,1,D,DENY,41-50
A0088,46,890,2007.97,21.45,4,A,APPROVE,41-50
A0089,66,405,18224.9,31.53,0,D,REVIEW,61-70
A0090,62,211,4768.53,9.73,2,E,DENY,61-70
A0091,50,689,19821.55,21.06,3,B,APPROVE,41-50
A0092,36,475,19187.25,36.73,0,D,REVIEW,31-40
A0093,66,892,10904.15,13.82,1,A,APPROVE,61-70
A0094,22,441,11228.96,12.44,4,D,REVIEW,18-30
A0095,46,415,10667.89,43.03,0,D,REVIEW,41-50
A0096,28,450,13437.99,13.4,3,D,REVIEW,18-30
A0097,30,325,3632.99,15.44,3,E,DENY,18-30
A0098,45,416,2587.12,43.78,1,D,REVIEW,41-50
A0099,22,505,3038.65,34.39,0,C,REVIEW,18-30
A0100,65,384,9998.58,32.98,2,D,DENY,61-70
A0101,29,238,6959.86,39.12,0,E,DENY,18-30
A0102,45,422,13196.71,9.63,3,D,REVIEW,41-50
A0103,32,383,19863.96,33.24,1,D,DENY,31-40
A0104,38,694,8953.82,25.15,1,B,APPROVE,31-40
A0105,29,626,12329.14,38.17,2,C,REVIEW,18-30
A0106,56,377,9480.87,25.33,1,D,DENY,51-60
A0107,56,627,17250.89,29.81,1,C,REVIEW,51-60
A0108,54,493,18240.26,24.11,1,D,REVIEW,51-60
A0109,26,350,17792.4,24.13,1,D,DENY,18-30
A0110,63,583,19538.7,35.72,1,C,REVIEW,61-70
A0111,60,837,2495.35,30.14,3,A,APPROVE,51-60
A0112,62,507,17116.69,30.33,0,C,REVIEW,61-70
A0113,49,535,15531.9,23.01,4,C,REVIEW,41-50
A0114,28,945,6116.5,26.24,1,A,APPROVE,18-30
A0115,30,574,19213.76,34.83,4,C,REVIEW,18-30
A0116,29,207,4667.2,38.04,4,E,DENY,18-30
A0117,33,540,14231.9,32.86,3,C,REVIEW,31-40
A0118,55,328,6048.02,41.96,1,E,DENY,51-60
A0119,54,868,9764.85,37.81,4,A,APPROVE,51-60
A0120,69,551,14944.88,27.47,1,C,REVIEW,61-70
A0121,44,557,12139.84,31.86,2,C,REVIEW,41-50
A0122,45,716,9695.03,42.05,2,B,APPROVE,41-50
A0123,58,694,7874.09,29.77,2,B,APPROVE,51-60
A0124,56,285,17113.87,37.99,4,E,DENY,51-60
A0125,65,374,4588.66,32.55,2,D,DENY,61-70
A0126,61,392,9741.85,27.08,3,D,DENY,61-70
A0127,43,510,18267.64,14.67,3,C,REVIEW,41-50
A0128,48,318,17225.29,22.04,4,E,DENY,41-50
A0129,56,417,9216.95,43.71,1,D,REVIEW,51-60
A0130,22,626,15735.95,31.31,0,C,REVIEW,18-30
A0131,56,613,16816.89,27.58,1,C,REVIEW,51-60
A0132,58,313,17999.97,42.32,1,E,DENY,51-60
A0133,68,344,11801.1,28.46,1,E,DENY,61-70
A0134,35,737,5680.3,26.04,1,B,APPROVE,31-40
A0135,24,847,6595.56,35.37,0,A,APPROVE,18-30
A0136,22,502,7322.5,33.51,2,C,REVIEW,18-30
A0137,26,943,12688.44,12.73,1,A,APPROVE,18-30
A0138,47,787,2590.57,23.85,3,B,APPROVE,41-50
A0139,35,544,13448.76,23.9,4,C,REVIEW,31-40
A0140,60,200,8558.38,20.13,4,E,DENY,51-60
A0141,48,346,7314.35,25.69,3,E,DENY,41-50
A0142,30,486,17830.94,21.52,1,D,REVIEW,18-30
A0143,36,853,10280.04,12.97,0,A,APPROVE,31-40
A0144,36,252,3710.95,21.49,2,E,DENY,31-40
A0145,47,503,16881.44,7.89,4,C,REVIEW,41-50
A0146,63,268,2857.54,28.03,2,E,DENY,61-70
A0147,34,560,15081.49,39.15,0,C,REVIEW,31-40
A0148,53,801,15930.31,34.01,4,A,APPROVE,51-60
A0149,60,419,8346.85,19.42,2,D,REVIEW,51-60
A0150,53,903,16846.18,8.48,0,A,APPROVE,51-60
A0151,25,774,11281.87,13.09,2,B,APPROVE,18-30
A0152,51,784,10339.29,26.82,1,B,APPROVE,51-60
A0153,58,360,2817.26,13.28,0,D,DENY,51-60
A0154,44,880,7220.53,26.76,2,A,APPROVE,41-50
A0155,60,288,18758.18,14.26,1,E,DENY,51-60
A0156,66,887,9052.83,38.96,1,A,APPROVE,61-70
A0157,36,784,11840.61,20.89,0,B,APPROVE,31-40
A0158,64,788,11576.39,14.82,3,B,APPROVE,61-70
A0159,50,358,12627.76,37.49,4,D,DENY,41-50
A0160,57,688,3103.96,18.71,0,B,APPROVE,51-60
A0161,34,523,8519.17,9.46,1,C,REVIEW,31-40
A0162,53,809,15016.31,27.82,1,A,APPROVE,51-60
A0163,28,580,5610.08,28.26,0,C,REVIEW,18-30
A0164,43,301,5664.41,33.59,3,E,DENY,41-50
A0165,49,693,2181.63,14.61,4,B,APPROVE,41-50
A0166,23,843,9874.67,22.75,2,A,APPROVE,18-30
A0167,63,813,17889.22,16.29,0,A,APPROVE,61-70
A0168,66,218,2934.22,8.24,4,E,DENY,61-70
A0169,27,653,5440.14,40.06,4,B,APPROVE,18-30
A0170,49,681,7581.52,34.15,1,B,APPROVE,41-50
A0171,49,793,15171.05,17.06,2,B,APPROVE,41-50
A0172,65,596,13531.44,28.97,0,C,REVIEW,61-70
A0173,65,478,9486.99,13.05,1,D,REVIEW,61-70
A0174,41,564,15663.24,40.61,1,C,REVIEW,41-50
A0175,51,530,12973.36,9.6,3,C,REVIEW,51-60
A0176,32,840,18128.73,5.15,4,A,APPROVE,31-40
A0177,49,543,16724.48,25.08,0,C,REVIEW,41-50
A0178,46,654,6550.64,28.33,0,B,APPROVE,41-50
A0179,60,800,6885.89,28.16,0,A,APPROVE,51-60
A0180,54,924,4256.42,7.18,1,A,APPROVE,51-60
A0181,22,854,8065.37,17.56,3,A,APPROVE,18-30
A0182,48,264,19991.79,24.97,2,E,DENY,41-50
A0183,34,275,9303.52,13.66,1,E,DENY,31-40
A0184,62,910,5968.79,39.91,2,A,APPROVE,61-70
A0185,24,342,15724.69,8.48,3,E,DENY,18-30
A0186,60,804,11764.48,24.5,4,A,APPROVE,51-60
A0187,27,672,4692.83,32.66,0,B,APPROVE,18-30
A0188,29,616,8852.41,15.47,2,C,REVIEW,18-30
A0189,48,504,9460.45,29.97,1,C,REVIEW,41-50
A0190,30,935,15568.93,38.18,2,A,APPROVE,18-30
A0191,58,696,2372.08,12.61,4,B,APPROVE,51-60
A0192,54,490,6842.35,41.69,0,D,REVIEW,51-60
A0193,63,301,11316.73,27.14,2,E,DENY,61-70
A0194,65,466,6839.24,16.97,4,D,REVIEW,61-70
A0195,45,821,13311.81,22.23,1,A,APPROVE,41-50
A0196,36,202,10673.61,17.49,3,E,DENY,31-40
A0197,53,284,8510.78,34.0,1,E,DENY,51-60
A0198,53,527,19085.76,36.85,0,C,REVIEW,51-60
A0199,45,649,13378.87,38.32,1,C,REVIEW,41-50
A0200,62,653,4338.94,44.43,1,B,APPROVE,61-70
A0201,33,828,12081.65,36.65,1,A,APPROVE,31-40
A0202,60,420,16053.17,29.06,1,D,REVIEW,51-60
A0203,23,353,14752.81,18.57,0,D,DENY,18-30
A0204,24,864,5097.61,26.78,4,A,APPROVE,18-30
A0205,58,211,19503.56,6.64,2,E,DENY,51-60
A0206,38,332,10078.65,34.79,3,E,DENY,31-40
A0207,23,503,4862.45,22.84,2,C,REVIEW,18-30
A0208,23,492,5243.52,5.8,2,D,REVIEW,18-30
A0209,49,499,3768.23,7.5,3,D,REVIEW,41-50
A0210,44,939,16463.33,20.5,0,A,APPROVE,41-50
A0211,58,242,4196.55,28.34,3,E,DENY,51-60
A0212,53,542,4252.25,23.57,0,C,REVIEW,51-60
A0213,54,525,17308.49,29.77,2,C,REVIEW,51-60
A0214,22,697,8202.87,24.21,0,B,APPROVE,18-30
A0215,40,563,2555.44,31.47,4,C,REVIEW,31-40
A0216,23,626,2934.12,13.77,3,C,REVIEW,18-30
A0217,65,220,4559.07,9.51,4,E,DENY,61-70
A0218,47,606,5841.08,28.86,2,C,REVIEW,41-50
A0219,53,818,13972.63,24.39,3,A,APPROVE,51-60
A0220,27,535,4831.87,6.07,2,C,REVIEW,18-30
A0221,53,316,4139.74,20.22,4,E,DENY,51-60
A0222,25,323,15764.94,9.25,2,E,DENY,18-30
A0223,32,598,14079.0,26.25,3,C,REVIEW,31-40
A0224,38,914,9835.84,20.83,3,A,APPROVE,31-40
A0225,59,250,11887.58,29.53,2,E,DENY,51-60
A0226,45,523,7615.71,37.22,3,C,REVIEW,41-50
A0227,26,340,10685.01,16.99,3,E,DENY,18-30
A0228,55,669,11120.11,43.48,2,B,APPROVE,51-60
A0229,27,533,8970.27,26.43,4,C,REVIEW,18-30
A0230,43,572,18318.3,29.73,3,C,REVIEW,41-50
A0231,32,763,2289.11,32.23,3,B,APPROVE,31-40
A0232,69,693,16079.08,31.67,3,B,APPROVE,61-70
A0233,37,738,4238.89,25.44,3,B,APPROVE,31-40
A0234,54,868,16355.85,22.15,2,A,APPROVE,51-60
A0235,30,355,13086.41,7.15,4,D,DENY,18-30
A0236,27,490,17179.01,5.88,4,D,REVIEW,18-30
A0237,37,847,3755.26,19.32,0,A,APPROVE,31-40
A0238,50,343,12061.65,18.35,3,E,DENY,41-50
A0239,24,305,11019.58,20.51,3,E,DENY,18-30
A0240,41,619,14711.48,10.53,0,C,REVIEW,41-50
A0241,57,869,11617.23,34.53,4,A,APPROVE,51-60
A0242,40,857,11733.22,39.28,1,A,APPROVE,31-40
A0243,47,201,9732.73,42.55,1,E,DENY,41-50
A0244,24,788,7559.02,24.69,4,B,APPROVE,18-30
A0245,40,843,10680.76,33.03,3,A,APPROVE,31-40
A0246,41,289,4132.86,39.22,1,E,DENY,41-50
A0247,53,544,19307.24,21.73,2,C,REVIEW,51-60
A0248,28,549,14859.39,17.38,2,C,REVIEW,18-30
A0249,62,658,19144.41,42.47,0,B,APPROVE,61-70
A0250,54,462,6081.09,25.63,4,D,REVIEW,51-60
A0251,61,550,17828.14,24.89,4,C,REVIEW,61-70
A0252,60,307,16558.22,12.14,1,E,DENY,51-60
A0253,39,785,14188.74,9.33,3,B,APPROVE,31-40
A0254,61,238,13250.53,38.68,4,E,DENY,61-70
A0255,22,358,7697.89,29.57,1,D,DENY,18-30
A0256,32,782,16695.39,18.03,1,B,APPROVE,31-40
A0257,49,511,11027.28,12.67,4,C,REVIEW,41-50
A0258,46,440,3276.05,27.22,1,D,REVIEW,41-50
A0259,44,644,7631.54,28.36,0,C,REVIEW,41-50
A0260,52,497,18835.35,13.28,0,D,REVIEW,51-60
A0261,51,235,17312.24,39.06,4,E,DENY,51-60
A0262,63,283,19674.3,8.37,3,E,DENY,61-70
A0263,56,651,13303.88,19.24,0,B,APPROVE,51-60
A0264,28,584,6455.18,32.22,0,C,REVIEW,18-30
A0265,37,371,4930.67,15.96,4,D,DENY,31-40
A0266,47,575,5364.46,38.11,2,C,REVIEW,41-50
A0267,69,884,2356.32,34.59,1,A,APPROVE,61-70
A0268,23,561,9032.28,36.56,0,C,REVIEW,18-30
A0269,22,758,5445.7,9.76,2,B,APPROVE,18-30
A0270,69,340,9409.8,10.62,3,E,DENY,61-70
A0271,33,317,18829.9,16.46,2,E,DENY,31-40
A0272,26,476,9749.72,25.72,4,D,REVIEW,18-30
A0273,58,925,17803.72,34.92,3,A,APPROVE,51-60
A0274,53,419,12899.09,38.46,3,D,REVIEW,51-60
A0275,30,225,6448.37,33.17,2,E,DENY,18-30
A0276,62,720,8405.39,42.14,4,B,APPROVE,61-70
A0277,56,209,3510.55,34.55,0,E,DENY,51-60
A0278,40,577,8002.33,17.25,2,C,REVIEW,31-40
A0279,69,832,14195.74,15.6,0,A,APPROVE,61-70
A0280,37,836,3298.0,32.85,2,A,APPROVE,31-40
A0281,24,881,5697.23,12.71,0,A,APPROVE,18-30
A0282,41,783,8865.94,8.71,2,B,APPROVE,41-50
A0283,45,351,19676.89,26.29,3,D,DENY,41-50
A0284,54,919,16127.51,37.87,1,A,APPROVE,51-60
A0285,45,248,15202.76,9.06,3,E,DENY,41-50
A0286,32,353,4091.44,36.68,0,D,DENY,31-40
A0287,29,492,16057.93,37.46,4,D,REVIEW,18-30
A0288,57,779,16134.84,24.29,3,B,APPROVE,51-60
A0289,59,249,12819.85,7.29,1,E,DENY,51-60
A0290,61,863,19826.51,11.98,0,A,APPROVE,61-70
A0291,41,730,7854.57,33.3,3,B,APPROVE,41-50
A0292,56,811,18942.9,33.47,2,A,APPROVE,51-60
A0293,69,259,18465.16,40.93,4,E,DENY,61-70
A0294,46,366,2206.65,28.31,0,D,DENY,41-50
A0295,56,401,10102.1,9.96,3,D,REVIEW,51-60
A0296,46,345,19587.88,9.86,0,E,DENY,41-50
A0297,50,875,3856.18,33.85,2,A,APPROVE,41-50
A0298,39,638,11860.12,12.35,1,C,REVIEW,31-40
A0299,67,441,19621.24,18.14,3,D,REVIEW,61-70
A0300,39,780,11998.92,24.49,0,B,APPROVE,31-40
A0301,23,886,5416.68,5.99,0,A,APPROVE,18-30
A0302,56,760,12479.3,14.95,0,B,APPROVE,51-60
A0303,37,682,5679.93,21.32,1,B,APPROVE,31-40
A0304,62,307,11354.68,16.19,0,E,DENY,61-70
A0305,57,425,3332.76,10.45,4,D,REVIEW,51-60
A0306,54,872,12898.69,34.12,4,A,APPROVE,51-60
A0307,25,830,11302.22,37.53,0,A,APPROVE,18-30
A0308,54,860,15322.9,15.3,4,A,APPROVE,51-60
A0309,35,861,13352.61,35.98,3,A,APPROVE,31-40
A0310,42,631,11892.91,20.42,4,C,REVIEW,41-50
A0311,69,854,14416.02,25.27,0,A,APPROVE,61-70
A0312,41,618,4590.95,39.24,2,C,REVIEW,41-50
A0313,29,654,12716.47,35.0,3,B,APPROVE,18-30
A0314,28,359,5097.99,37.2,1,D,DENY,18-30
A0315,24,722,18659.4,10.47,0,B,APPROVE,18-30
A0316,38,849,3230.01,7.79,1,A,APPROVE,31-40
A0317,54,789,9746.75,40.74,2,B,APPROVE,51-60
A0318,69,276,14524.35,20.51,1,E,DENY,61-70
A0319,33,708,10244.4,16.52,0,B,APPROVE,31-40
A0320,43,640,3657.71,33.99,0,C,REVIEW,41-50
A0321,43,453,11960.82,38.46,2,D,REVIEW,41-50
A0322,67,519,13549.37,39.5,0,C,REVIEW,61-70
A0323,51,462,14668.26,17.64,2,D,REVIEW,51-60
A0324,59,796,8718.68,39.09,2,B,APPROVE,51-60
A0325,59,857,12145.88,6.64,0,A,APPROVE,51-60
A0326,66,753,10112.36,6.99,4,B,APPROVE,61-70
A0327,29,573,14097.01,29.94,2,C,REVIEW,18-30
A0328,48,836,12504.03,7.52,0,A,APPROVE,41-50
A0329,48,366,11463.61,17.98,4,D,DENY,41-50
A0330,55,658,6491.44,31.91,2,B,APPROVE,51-60
A0331,42,479,2036.33,18.49,4,D,REVIEW,41-50
A0332,51,899,5133.47,12.18,3,A,APPROVE,51-60
A0333,54,501,4107.19,16.25,3,C,REVIEW,51-60
A0334,49,730,10083.53,23.3,4,B,APPROVE,41-50
A0335,68,779,13020.65,24.02,2,B,APPROVE,61-70
A0336,54,417,5835.53,36.32,0,D,REVIEW,51-60
A0337,26,301,18903.03,35.01,1,E,DENY,18-30
A0338,69,753,2120.28,23.27,0,B,APPROVE,61-70
A0339,40,487,15901.42,38.83,1,D,REVIEW,31-40
A0340,25,366,13253.69,9.57,1,D,DENY,18-30
A0341,56,820,8723.99,15.21,2,A,APPROVE,51-60
A0342,38,235,2908.8,38.12,4,E,DENY,31-40
A0343,65,943,13294.76,20.12,0,A,APPROVE,61-70
A0344,49,940,8941.04,44.25,4,A,APPROVE,41-50
A0345,51,552,18852.81,23.65,3,C,REVIEW,51-60
A0346,50,875,11755.82,36.68,2,A,APPROVE,41-50
A0347,67,272,18913.73,21.09,2,E,DENY,61-70
A0348,27,847,5968.71,22.0,3,A,APPROVE,18-30
A0349,56,552,15063.07,20.32,0,C,REVIEW,51-60
A0350,62,269,13110.48,33.76,3,E,DENY,61-70
A0351,58,624,15309.35,26.9,0,C,REVIEW,51-60
A0352,45,907,5864.02,42.75,1,A,APPROVE,41-50
A0353,50,760,13969.9,15.04,2,B,APPROVE,41-50
A0354,67,841,10964.73,9.02,0,A,APPROVE,61-70
A0355,52,716,15370.85,20.73,4,B,APPROVE,51-60
A0356,56,627,7886.8,29.67,4,C,REVIEW,51-60
A0357,54,738,18021.03,39.43,2,B,APPROVE,51-60
A0358,42,359,3517.42,18.85,3,D,DENY,41-50
A0359,53,348,16529.41,31.15,3,E,DENY,51-60
A0360,44,429,17503.75,19.01,0,D,REVIEW,41-50
A0361,54,911,16710.54,29.69,3,A,APPROVE,51-60
A0362,24,761,11229.08,40.39,2,B,APPROVE,18-30
A0363,39,266,9890.93,14.25,0,E,DENY,31-40
A0364,46,580,19932.72,21.17,1,C,REVIEW,41-50
A0365,63,257,6125.1,44.73,3,E,DENY,61-70
A0366,52,458,11843.77,39.74,3,D,REVIEW,51-60
A0367,24,541,14072.16,27.59,0,C,REVIEW,18-30
A0368,61,329,14615.62,25.67,4,E,DENY,61-70
A0369,67,926,5672.44,16.38,3,A,APPROVE,61-70
A0370,45,371,13771.89,25.69,2,D,DENY,41-50
A0371,53,813,16730.65,38.93,3,A,APPROVE,51-60
A0372,68,408,2900.33,32.41,1,D,REVIEW,61-70
A0373,43,553,18407.38,16.6,3,C,REVIEW,41-50
A0374,44,670,2531.07,13.06,4,B,APPROVE,41-50
A0375,23,315,8407.48,15.61,3,E,DENY,18-30
A0376,48,463,2284.64,11.79,0,D,REVIEW,41-50
A0377,63,861,3388.61,8.83,3,A,APPROVE,61-70
A0378,23,641,18401.03,21.77,4,C,REVIEW,18-30
A0379,47,747,8387.49,9.53,0,B,APPROVE,41-50
A0380,38,652,9645.89,11.88,2,B,APPROVE,31-40
A0381,61,676,5876.2,26.89,0,B,APPROVE,61-70
A0382,54,486,12747.72,11.58,1,D,REVIEW,51-60
A0383,30,502,12706.46,7.56,0,C,REVIEW,18-30
A0384,64,510,8699.61,17.7,2,C,REVIEW,61-70
A0385,69,407,7994.63,13.81,3,D,REVIEW,61-70
A0386,60,817,17929.36,25.61,0,A,APPROVE,51-60
A0387,50,645,8899.12,9.09,0,C,REVIEW,41-50
A0388,63,869,10883.02,35.07,0,A,APPROVE,61-70
A0389,47,832,7099.49,41.25,0,A,APPROVE,41-50
A0390,56,254,16161.85,34.74,2,E,DENY,51-60
A0391,46,211,9154.07,26.31,4,E,DENY,41-50
A0392,45,856,11245.0,39.43,4,A,APPROVE,41-50
A0393,34,599,6560.43,32.8,0,C,REVIEW,31-40
A0394,28,847,19777.87,5.42,2,A,APPROVE,18-30
A0395,57,714,7246.92,20.76,2,B,APPROVE,51-60
A0396,66,855,15873.37,39.04,0,A,APPROVE,61-70
A0397,41,741,9694.92,18.83,1,B,APPROVE,41-50
A0398,22,436,5711.91,6.41,0,D,REVIEW,18-30
A0399,29,478,16394.94,34.85,1,D,REVIEW,18-30
A0400,67,547,8004.92,37.08,0,C,REVIEW,61-70
A0401,37,826,17573.48,11.42,1,A,APPROVE,31-40
A0402,35,303,18474.63,26.49,1,E,DENY,31-40
A0403,33,829,17476.83,12.68,0,A,APPROVE,31-40
A0404,44,716,2630.14,33.77,1,B,APPROVE,41-50
A0405,36,447,16172.72,15.86,3,D,REVIEW,31-40
A0406,49,563,9404.11,17.65,4,C,REVIEW,41-50
A0407,55,520,17727.01,38.8,2,C,REVIEW,51-60
A0408,23,832,13483.18,24.05,1,A,APPROVE,18-30
A0409,53,485,17005.58,31.79,1,D,REVIEW,51-60
A0410,44,348,10989.77,21.09,2,E,DENY,41-50
A0411,43,283,11630.46,16.92,1,E,DENY,41-50
A0412,46,605,4598.98,30.02,2,C,REVIEW,41-50
A0413,43,655,16111.77,11.19,0,B,APPROVE,41-50
A0414,43,942,9549.01,19.92,3,A,APPROVE,41-50
A0415,63,360,11001.44,13.36,3,D,DENY,61-70
A0416,27,659,16131.76,32.83,4,B,APPROVE,18-30
A0417,36,749,12779.22,42.77,1,B,APPROVE,31-40
A0418,64,699,5619.78,44.82,4,B,APPROVE,61-70
A0419,58,937,12624.19,23.01,0,A,APPROVE,51-60
A0420,54,708,9337.39,15.1,3,B,APPROVE,51-60
A0421,29,853,10451.46,22.71,0,A,APPROVE,18-30
A0422,65,680,2509.6,38.89,0,B,APPROVE,61-70
A0423,65,862,5780.53,13.24,1,A,APPROVE,61-70
A0424,26,313,7058.69,43.08,0,E,DENY,18-30
A0425,60,948,14833.28,18.67,3,A,APPROVE,51-60
A0426,25,777,2206.86,44.43,4,B,APPROVE,18-30
A0427,27,560,9357.99,38.54,3,C,REVIEW,18-30
A0428,66,540,18632.48,37.34,1,C,REVIEW,61-70
A0429,53,648,4013.85,17.72,3,C,REVIEW,51-60
A0430,51,379,11295.64,5.35,2,D,DENY,51-60
A0431,68,901,16157.4,20.29,4,A,APPROVE,61-70
A0432,56,606,18965.56,17.07,2,C,REVIEW,51-60
A0433,61,865,15441.98,6.5,2,A,APPROVE,61-70
A0434,37,395,14970.18,25.21,1,D,DENY,31-40
A0435,34,665,16876.79,21.12,0,B,APPROVE,31-40
A0436,63,510,10031.62,30.38,2,C,REVIEW,61-70
A0437,51,461,16505.2,29.85,3,D,REVIEW,51-60
A0438,40,618,2143.36,9.83,0,C,REVIEW,31-40
A0439,38,605,18642.1,44.08,3,C,REVIEW,31-40
A0440,40,342,9979.52,12.48,3,E,DENY,31-40
A0441,49,541,11960.84,22.81,0,C,REVIEW,41-50
A0442,47,515,6587.88,24.52,0,C,REVIEW,41-50
A0443,58,300,15365.55,37.52,3,E,DENY,51-60
A0444,47,443,3379.44,8.97,1,D,REVIEW,41-50
A0445,44,689,17707.44,22.15,4,B,APPROVE,41-50
A0446,30,211,16906.1,30.14,4,E,DENY,18-30
A0447,33,438,5889.08,13.61,1,D,REVIEW,31-40
A0448,22,760,16567.84,30.1,0,B,APPROVE,18-30
A0449,22,241,16154.44,41.95,3,E,DENY,18-30
A0450,68,877,13379.9,44.9,4,A,APPROVE,61-70
A0451,55,793,8723.36,6.3,3,B,APPROVE,51-60
A0452,53,628,6886.98,14.42,1,C,REVIEW,51-60
A0453,69,357,6172.1,17.41,3,D,DENY,61-70
A0454,46,415,7734.96,20.97,1,D,REVIEW,41-50
A0455,61,869,18264.05,14.69,0,A,APPROVE,61-70
A0456,66,661,3397.53,13.14,1,B,APPROVE,61-70
A0457,22,333,16919.68,43.18,1,E,DENY,18-30
A0458,37,266,8280.02,41.74,4,E,DENY,31-40
A0459,60,206,11388.79,6.88,3,E,DENY,51-60
A0460,26,725,16300.74,18.55,4,B,APPROVE,18-30
A0461,43,272,17918.78,21.21,2,E,DENY,41-50
A0462,50,598,8206.07,14.56,1,C,REVIEW,41-50
A0463,24,604,10313.18,30.15,2,C,REVIEW,18-30
A0464,33,874,9461.29,30.62,4,A,APPROVE,31-40
A0465,47,777,2238.52,39.02,3,B,APPROVE,41-50
A0466,37,329,7326.97,34.63,4,E,DENY,31-40
A0467,58,665,10265.41,26.7,3,B,APPROVE,51-60
A0468,43,405,9399.68,31.14,3,D,REVIEW,41-50
A0469,50,465,14994.73,15.96,0,D,REVIEW,41-50
A0470,35,736,8926.47,28.72,1,B,APPROVE,31-40
A0471,49,452,10808.78,24.57,4,D,REVIEW,41-50
A0472,26,488,9732.95,10.33,3,D,REVIEW,18-30
A0473,68,363,15331.27,14.7,4,D,DENY,61-70
A0474,51,294,17533.5,16.67,4,E,DENY,51-60
A0475,67,309,11574.0,41.97,3,E,DENY,61-70
A0476,26,535,16209.78,14.22,2,C,REVIEW,18-30
A0477,33,437,7342.16,16.57,1,D,REVIEW,31-40
A0478,37,580,11744.65,19.77,1,C,REVIEW,31-40
A0479,47,635,8214.14,31.55,0,C,REVIEW,41-50
A0480,47,682,9455.62,9.73,0,B,APPROVE,41-50
A0481,69,224,15183.45,43.16,0,E,DENY,61-70
A0482,42,852,17869.92,39.62,1,A,APPROVE,41-50
A0483,60,316,4186.92,28.09,2,E,DENY,51-60
A0484,57,681,13423.51,31.96,1,B,APPROVE,51-60
A0485,54,591,12478.59,5.67,1,C,REVIEW,51-60
A0486,51,736,4131.47,18.56,1,B,APPROVE,51-60
A0487,58,278,5814.1,36.83,1,E,DENY,51-60
A0488,44,779,7598.04,8.1,2,B,APPROVE,41-50
A0489,31,372,5004.76,16.29,0,D,DENY,31-40
A0490,26,211,6387.13,28.41,4,E,DENY,18-30
A0491,57,327,6816.81,15.26,0,E,DENY,51-60
A0492,55,807,8042.13,42.36,0,A,APPROVE,51-60
A0493,52,291,15489.03,10.24,4,E,DENY,51-60
A0494,31,852,12294.42,36.9,1,A,APPROVE,31-40
A0495,40,742,19752.44,25.32,2,B,APPROVE,31-40
A0496,53,731,9465.24,35.01,2,B,APPROVE,51-60
A0497,22,857,15569.57,17.43,0,A,APPROVE,18-30
A0498,26,646,17686.43,25.58,4,C,REVIEW,18-30
A0499,66,589,14221.61,39.27,3,C,REVIEW,61-70
A0500,25,871,9413.57,23.68,1,A,APPROVE,18-30
A0501,37,242,15564.7,19.39,0,E,DENY,31-40
A0502,45,453,5666.01,26.45,2,D,REVIEW,41-50
A0503,37,329,7895.94,33.69,4,E,DENY,31-40
A0504,23,259,11840.33,22.74,4,E,DENY,18-30
A0505,49,862,12357.37,42.56,0,A,APPROVE,41-50
A0506,53,666,2398.55,16.8,3,B,APPROVE,51-60
A0507,48,486,19012.06,24.02,2,D,REVIEW,41-50
A0508,41,716,14539.29,35.28,0,B,APPROVE,41-50
A0509,45,666,10922.67,32.56,3,B,APPROVE,41-50
A0510,33,544,18796.29,39.55,4,C,REVIEW,31-40
A0511,56,841,9903.72,44.87,1,A,APPROVE,51-60
A0512,54,581,19647.84,22.07,2,C,REVIEW,51-60
A0513,54,889,11221.13,9.45,2,A,APPROVE,51-60
A0514,64,452,4057.14,6.22,3,D,REVIEW,61-70
A0515,58,255,15766.42,34.08,0,E,DENY,51-60
A0516,33,662,14220.16,39.96,4,B,APPROVE,31-40
A0517,24,656,15913.76,13.83,3,B,APPROVE,18-30
A0518,22,282,19125.96,11.34,1,E,DENY,18-30
A0519,54,298,15976.81,7.49,1,E,DENY,51-60
A0520,61,348,13004.06,37.91,1,E,DENY,61-70
A0521,31,528,17431.56,17.46,3,C,REVIEW,31-40
A0522,64,355,14118.44,21.07,4,D,DENY,61-70
A0523,65,389,9346.14,25.11,2,D,DENY,61-70
A0524,50,693,17941.16,38.58,0,B,APPROVE,41-50
A0525,34,462,5994.21,31.03,2,D,REVIEW,31-40
A0526,33,279,14863.54,29.6,4,E,DENY,31-40
A0527,52,599,17868.14,12.03,2,C,REVIEW,51-60
A0528,67,808,15163.7,25.53,3,A,APPROVE,61-70
A0529,23,459,14550.96,33.62,1,D,REVIEW,18-30
A0530,56,814,15547.49,43.93,4,A,APPROVE,51-60
A0531,44,751,10370.99,13.06,4,B,APPROVE,41-50
A0532,38,300,17735.07,5.38,2,E,DENY,31-40
A0533,47,558,5661.86,8.01,3,C,REVIEW,41-50
A0534,29,579,4292.96,20.03,2,C,REVIEW,18-30
A0535,50,420,7139.16,37.82,2,D,REVIEW,41-50
A0536,47,619,11568.39,5.29,4,C,REVIEW,41-50
A0537,31,323,11190.11,23.27,2,E,DENY,31-40
A0538,47,621,16770.78,18.17,1,C,REVIEW,41-50
A0539,55,430,9282.24,7.1,2,D,REVIEW,51-60
A0540,62,889,10718.2,23.01,1,A,APPROVE,61-70
A0541,28,262,2240.62,15.19,4,E,DENY,18-30
A0542,25,684,9375.31,19.08,3,B,APPROVE,18-30
A0543,66,827,13659.94,33.22,1,A,APPROVE,61-70
A0544,32,902,2279.15,25.86,3,A,APPROVE,31-40
A0545,50,773,7055.88,9.99,3,B,APPROVE,41-50
A0546,57,682,5743.21,43.46,1,B,APPROVE,51-60
A0547,46,718,2755.74,30.44,4,B,APPROVE,41-50
A0548,42,354,10626.68,35.63,0,D,DENY,41-50
A0549,57,291,5271.02,8.17,3,E,DENY,51-60
A0550,31,725,15375.47,6.88,3,B,APPROVE,31-40
A0551,58,654,17262.7,5.78,4,B,APPROVE,51-60
A0552,30,940,11820.53,12.55,4,A,APPROVE,18-30
A0553,45,797,19670.73,21.58,2,B,APPROVE,41-50
A0554,56,844,10108.61,42.43,4,A,APPROVE,51-60
A0555,56,709,11240.63,23.28,3,B,APPROVE,51-60
A0556,69,382,19805.92,16.61,1,D,DENY,61-70
A0557,57,585,6167.87,27.48,0,C,REVIEW,51-60
A0558,39,773,18965.83,9.48,2,B,APPROVE,31-40
A0559,60,930,2771.08,29.38,1,A,APPROVE,51-60
A0560,53,604,10034.96,27.74,0,C,REVIEW,51-60
A0561,45,445,3260.06,36.68,0,D,REVIEW,41-50
A0562,44,941,15126.23,44.47,0,A,APPROVE,41-50
A0563,53,790,12951.36,15.03,1,B,APPROVE,51-60
A0564,58,860,14719.42,25.39,2,A,APPROVE,51-60
A0565,33,849,8740.65,41.35,2,A,APPROVE,31-40
A0566,34,670,8650.67,36.41,0,B,APPROVE,31-40
A0567,44,622,2815.75,24.5,1,C,REVIEW,41-50
A0568,46,264,8299.01,42.81,0,E,DENY,41-50
A0569,56,212,18727.19,7.29,4,E,DENY,51-60
A0570,62,412,8826.08,42.24,2,D,REVIEW,61-70
A0571,51,441,16964.62,7.02,3,D,REVIEW,51-60
A0572,38,692,17161.86,26.89,0,B,APPROVE,31-40
A0573,41,412,8718.34,40.62,4,D,REVIEW,41-50
A0574,69,892,13375.8,15.51,2,A,APPROVE,61-70
A0575,46,537,3716.69,23.89,1,C,REVIEW,41-50
A0576,43,372,3866.21,17.97,2,D,DENY,41-50
A0577,34,871,2875.84,43.09,1,A,APPROVE,31-40
A0578,40,363,12458.27,37.95,1,D,DENY,31-40
A0579,57,664,9669.28,33.36,0,B,APPROVE,51-60
A0580,33,696,11864.58,28.51,0,B,APPROVE,31-40
A0581,62,899,11379.32,37.82,2,A,APPROVE,61-70
A0582,40,594,8303.65,20.69,4,C,REVIEW,31-40
A0583,33,902,14194.52,22.9,2,A,APPROVE,31-40
A0584,30,507,15653.03,34.2,3,C,REVIEW,18-30
A0585,28,382,2263.31,19.31,1,D,DENY,18-30
A0586,49,828,5730.36,7.56,1,A,APPROVE,41-50
A0587,35,709,14838.25,7.97,0,B,APPROVE,31-40
A0588,52,907,8959.16,9.61,4,A,APPROVE,51-60
A0589,40,745,13924.71,39.79,0,B,APPROVE,31-40
A0590,68,763,8245.33,23.89,3,B,APPROVE,61-70
A0591,37,823,9033.59,33.52,2,A,APPROVE,31-40
A0592,26,793,4856.22,20.72,2,B,APPROVE,18-30
A0593,56,943,6648.16,15.35,4,A,APPROVE,51-60
A0594,33,426,12897.41,18.89,0,D,REVIEW,31-40
A0595,46,944,9796.94,36.77,0,A,APPROVE,41-50
A0596,42,932,15937.45,30.01,3,A,APPROVE,41-50
A0597,57,635,17346.53,42.51,2,C,REVIEW,51-60
A0598,44,621,11749.64,32.19,0,C,REVIEW,41-50
A0599,37,753,15648.81,27.81,4,B,APPROVE,31-40
A0600,60,220,7524.28,29.41,2,E,DENY,51-60
A0601,66,753,9469.48,42.69,3,B,APPROVE,61-70
A0602,63,596,14830.0,36.53,4,C,REVIEW,61-70
A0603,60,824,8951.82,5.96,1,A,APPROVE,51-60
A0604,35,304,12593.09,26.37,3,E,DENY,31-40
A0605,52,391,5336.71,32.53,4,D,DENY,51-60
A0606,26,216,12795.88,34.95,0,E,DENY,18-30
A0607,56,319,17507.25,13.53,1,E,DENY,51-60
A0608,44,592,17635.51,39.69,3,C,REVIEW,41-50
A0609,50,624,15038.2,43.23,0,C,REVIEW,41-50
A0610,64,328,15423.56,14.47,1,E,DENY,61-70
A0611,32,329,12042.69,40.3,2,E,DENY,31-40
A0612,39,771,12524.03,8.88,0,B,APPROVE,31-40
A0613,68,759,4405.71,7.23,4,B,APPROVE,61-70
A0614,33,228,9989.47,10.17,3,E,DENY,31-40
A0615,30,296,10113.97,7.31,1,E,DENY,18-30
A0616,31,209,19252.96,38.8,0,E,DENY,31-40
A0617,65,441,9759.56,7.36,2,D,REVIEW,61-70
A0618,38,431,11888.17,15.87,3,D,REVIEW,31-40
A0619,59,483,11598.53,9.15,3,D,REVIEW,51-60
A0620,28,914,13461.71,16.82,0,A,APPROVE,18-30
A0621,67,925,15468.19,8.62,2,A,APPROVE,61-70
A0622,34,399,6050.75,31.72,1,D,DENY,31-40
A0623,61,278,11517.04,10.33,0,E,DENY,61-70
A0624,63,372,16866.52,39.07,1,D,DENY,61-70
A0625,30,666,10336.06,37.69,3,B,APPROVE,18-30
A0626,48,780,7012.24,5.55,1,B,APPROVE,41-50
A0627,23,615,13784.76,40.83,2,C,REVIEW,18-30
A0628,26,648,16827.81,6.16,4,C,REVIEW,18-30
A0629,50,286,3136.53,14.59,2,E,DENY,41-50
A0630,58,300,15982.23,6.3,1,E,DENY,51-60
A0631,59,207,16789.66,18.43,0,E,DENY,51-60
A0632,40,399,10307.41,25.55,3,D,DENY,31-40
A0633,29,704,19699.5,36.87,4,B,APPROVE,18-30
A0634,69,286,16160.75,18.52,0,E,DENY,61-70
A0635,66,242,15925.93,33.22,0,E,DENY,61-70
A0636,22,584,15461.09,12.5,2,C,REVIEW,18-30
A0637,43,820,4710.95,35.02,1,A,APPROVE,41-50
A0638,38,634,5910.16,14.44,2,C,REVIEW,31-40
A0639,28,607,10351.82,10.74,1,C,REVIEW,18-30
A0640,46,682,6752.08,12.42,2,B,APPROVE,41-50
A0641,66,863,9474.34,12.28,0,A,APPROVE,61-70
A0642,25,216,17992.35,25.51,3,E,DENY,18-30
A0643,57,844,16837.88,38.79,1,A,APPROVE,51-60
A0644,27,347,13340.72,8.18,4,E,DENY,18-30
A0645,52,476,17446.17,33.28,4,D,REVIEW,51-60
A0646,40,431,16107.9,31.17,0,D,REVIEW,31-40
A0647,65,565,9721.73,39.9,2,C,REVIEW,61-70
A0648,60,427,5619.17,14.77,2,D,REVIEW,51-60
A0649,48,850,11255.62,23.0,0,A,APPROVE,41-50
A0650,31,635,15252.12,42.03,4,C,REVIEW,31-40
A0651,47,598,9855.55,31.4,4,C,REVIEW,41-50
A0652,40,410,14001.89,20.55,2,D,REVIEW,31-40
A0653,60,590,3697.89,10.26,1,C,REVIEW,51-60
A0654,24,698,15464.09,15.5,3,B,APPROVE,18-30
A0655,66,739,16628.85,28.25,1,B,APPROVE,61-70
A0656,34,762,14723.08,33.73,4,B,APPROVE,31-40
A0657,49,690,19410.74,9.98,1,B,APPROVE,41-50
A0658,41,641,16879.74,28.98,3,C,REVIEW,41-50
A0659,49,460,18255.69,27.01,1,D,REVIEW,41-50
A0660,29,549,18804.28,25.56,1,C,REVIEW,18-30
A0661,62,551,16424.26,32.6,1,C,REVIEW,61-70
A0662,60,719,14136.66,38.5,1,B,APPROVE,51-60
A0663,22,519,2102.93,17.92,0,C,REVIEW,18-30
A0664,24,337,10384.86,40.56,4,E,DENY,18-30
A0665,34,749,12280.92,11.43,3,B,APPROVE,31-40
A0666,49,822,7472.54,11.92,4,A,APPROVE,41-50
A0667,46,567,7725.88,15.67,0,C,REVIEW,41-50
A0668,54,419,19300.87,9.78,0,D,REVIEW,51-60
A0669,59,536,18050.8,14.21,0,C,REVIEW,51-60
A0670,27,422,17285.22,9.26,0,D,REVIEW,18-30
A0671,65,847,9308.21,37.87,1,A,APPROVE,61-70
A0672,66,559,2246.57,10.56,4,C,REVIEW,61-70
A0673,53,528,3444.0,34.89,2,C,REVIEW,51-60
A0674,66,662,7619.53,6.92,3,B,APPROVE,61-70
A0675,68,760,2283.37,42.94,0,B,APPROVE,61-70
A0676,42,581,2308.7,33.45,4,C,REVIEW,41-50
A0677,37,789,18498.86,5.27,0,B,APPROVE,31-40
A0678,42,816,14710.85,35.55,0,A,APPROVE,41-50
A0679,32,368,7561.21,25.56,0,D,DENY,31-40
A0680,58,416,4387.6,36.17,0,D,REVIEW,51-60
A0681,57,577,11209.44,25.9,0,C,REVIEW,51-60
A0682,56,318,2096.23,30.64,3,E,DENY,51-60
A0683,40,389,18891.45,36.45,4,D,DENY,31-40
A0684,41,569,9466.67,21.2,0,C,REVIEW,41-50
A0685,39,348,9242.03,5.11,0,E,DENY,31-40
A0686,68,875,9030.68,39.0,0,A,APPROVE,61-70
A0687,62,851,3247.91,20.24,0,A,APPROVE,61-70
A0688,35,687,13489.8,24.84,1,B,APPROVE,31-40
A0689,36,573,15194.07,5.31,1,C,REVIEW,31-40
A0690,52,892,14170.26,24.68,2,A,APPROVE,51-60
A0691,22,359,4491.84,44.46,0,D,DENY,18-30
A0692,24,550,12419.12,16.13,2,C,REVIEW,18-30
A0693,37,487,12250.72,20.82,3,D,REVIEW,31-40
A0694,44,487,17631.39,32.49,2,D,REVIEW,41-50
A0695,32,425,8824.3,37.59,4,D,REVIEW,31-40
A0696,33,722,8686.75,21.7,1,B,APPROVE,31-40
A0697,31,721,13133.49,17.39,1,B,APPROVE,31-40
A0698,53,472,13395.31,42.51,0,D,REVIEW,51-60
A0699,37,601,10447.13,32.09,0,C,REVIEW,31-40
A0700,29,382,9975.07,9.76,3,D,DENY,18-30
A0701,59,864,10894.66,7.76,3,A,APPROVE,51-60
A0702,33,687,17498.82,24.34,4,B,APPROVE,31-40
A0703,45,323,10301.0,13.8,0,E,DENY,41-50
A0704,49,825,18918.77,15.16,0,A,APPROVE,41-50
A0705,29,613,11072.07,40.11,3,C,REVIEW,18-30
A0706,49,924,19085.61,8.58,3,A,APPROVE,41-50
A0707,57,371,16990.97,33.61,3,D,DENY,51-60
A0708,47,487,8523.76,15.85,1,D,REVIEW,41-50
A0709,29,634,17545.55,35.41,2,C,REVIEW,18-30
A0710,49,885,3981.14,33.9,2,A,APPROVE,41-50
A0711,49,312,18650.85,5.3,0,E,DENY,41-50
A0712,58,321,13369.58,25.37,1,E,DENY,51-60
A0713,62,743,2979.03,10.57,3,B,APPROVE,61-70
A0714,57,421,13596.62,39.65,0,D,REVIEW,51-60
A0715,48,830,19536.46,39.86,1,A,APPROVE,41-50
A0716,38,238,3256.41,21.73,4,E,DENY,31-40
A0717,30,696,11984.38,22.78,1,B,APPROVE,18-30
A0718,54,432,15460.3,17.13,0,D,REVIEW,51-60
A0719,41,729,16584.65,33.66,2,B,APPROVE,41-50
A0720,34,348,9448.89,19.35,3,E,DENY,31-40
A0721,49,596,5675.0,15.71,4,C,REVIEW,41-50
A0722,69,860,2762.16,22.29,1,A,APPROVE,61-70
A0723,50,837,12435.07,8.66,0,A,APPROVE,41-50
A0724,34,501,10152.4,34.86,0,C,REVIEW,31-40
A0725,67,559,19077.4,5.5,3,C,REVIEW,61-70
A0726,56,437,3090.89,30.78,0,D,REVIEW,51-60
A0727,27,846,14337.12,12.31,0,A,APPROVE,18-30
A0728,39,862,2449.39,14.3,3,A,APPROVE,31-40
A0729,26,435,5085.82,30.43,4,D,REVIEW,18-30
A0730,68,935,10164.42,44.72,2,A,APPROVE,61-70
A0731,46,402,10187.7,36.11,2,D,REVIEW,41-50
A0732,23,455,14342.61,14.03,1,D,REVIEW,18-30
A0733,31,797,18383.83,12.04,4,B,APPROVE,31-40
A0734,51,861,13502.58,39.65,1,A,APPROVE,51-60
A0735,66,434,19163.63,22.77,2,D,REVIEW,61-70
A0736,26,544,17869.08,10.48,3,C,REVIEW,18-30
A0737,54,733,12521.0,39.49,0,B,APPROVE,51-60
A0738,22,665,17008.26,37.64,2,B,APPROVE,18-30
A0739,39,740,13566.4,44.36,4,B,APPROVE,31-40
A0740,53,412,3414.04,41.39,2,D,REVIEW,51-60
A0741,68,662,15330.17,39.07,4,B,APPROVE,61-70
A0742,32,635,3708.35,7.1,4,C,REVIEW,31-40
A0743,42,482,12693.49,9.18,4,D,REVIEW,41-50
A0744,47,761,14647.52,27.76,1,B,APPROVE,41-50
A0745,46,806,3197.5,26.26,3,A,APPROVE,41-50
A0746,43,662,6154.3,23.32,2,B,APPROVE,41-50
A0747,48,606,18482.1,20.87,3,C,REVIEW,41-50
A0748,34,287,13093.66,22.25,0,E,DENY,31-40
A0749,54,243,6433.15,27.77,2,E,DENY,51-60
A0750,55,660,14432.24,5.08,3,B,APPROVE,51-60
A0751,62,477,12741.98,15.43,3,D,REVIEW,61-70
A0752,56,882,11028.36,25.73,0,A,APPROVE,51-60
A0753,22,620,19571.37,33.89,4,C,REVIEW,18-30
A0754,42,900,14302.17,11.97,2,A,APPROVE,41-50
A0755,69,552,8757.94,26.88,2,C,REVIEW,61-70
A0756,27,895,16401.32,33.58,0,A,APPROVE,18-30
A0757,49,714,17922.5,22.79,4,B,APPROVE,41-50
A0758,38,902,4253.97,6.08,2,A,APPROVE,31-40
A0759,26,829,5609.95,22.97,2,A,APPROVE,18-30
A0760,52,218,5892.09,16.86,2,E,DENY,51-60
A0761,26,222,14441.81,42.19,4,E,DENY,18-30
A0762,59,612,12854.71,9.98,0,C,REVIEW,51-60
A0763,24,229,13141.85,31.1,2,E,DENY,18-30
A0764,44,307,18933.92,7.11,3,E,DENY,41-50
A0765,58,566,15966.41,22.85,4,C,REVIEW,51-60
A0766,58,480,4302.86,27.16,1,D,REVIEW,51-60
A0767,31,327,8255.13,16.92,0,E,DENY,31-40
A0768,31,428,9837.09,23.2,3,D,REVIEW,31-40
A0769,40,310,9127.31,11.54,2,E,DENY,31-40
A0770,38,335,14047.55,17.16,1,E,DENY,31-40
A0771,42,561,18054.08,29.84,0,C,REVIEW,41-50
A0772,35,385,7508.93,17.07,4,D,DENY,31-40
A0773,30,855,11933.79,40.99,1,A,APPROVE,18-30
A0774,67,783,16209.37,30.14,1,B,APPROVE,61-70
A0775,22,328,9491.93,22.55,3,E,DENY,18-30
A0776,66,460,5026.13,6.55,0,D,REVIEW,61-70
A0777,34,714,10549.12,24.98,3,B,APPROVE,31-40
A0778,25,648,2994.01,35.59,3,C,REVIEW,18-30
A0779,22,303,18962.9,15.62,2,E,DENY,18-30
A0780,61,682,3346.78,37.27,4,B,APPROVE,61-70
A0781,53,423,9892.22,15.07,1,D,REVIEW,51-60
A0782,55,690,11537.86,37.95,0,B,APPROVE,51-60
A0783,49,672,19735.47,8.41,4,B,APPROVE,41-50
A0784,52,209,4988.39,39.65,4,E,DENY,51-60
A0785,29,604,4059.77,24.97,0,C,REVIEW,18-30
A0786,60,501,2156.71,16.86,4,C,REVIEW,51-60
A0787,47,430,4800.29,15.6,2,D,REVIEW,41-50
A0788,55,930,5730.91,22.28,4,A,APPROVE,51-60
A0789,24,265,13350.46,44.96,2,E,DENY,18-30
A0790,33,311,5954.72,13.81,1,E,DENY,31-40
A0791,22,212,2369.37,9.13,1,E,DENY,18-30
A0792,65,592,16879.13,28.4,3,C,REVIEW,61-70
A0793,26,699,8580.72,24.54,2,B,APPROVE,18-30
A0794,51,797,8366.54,25.97,1,B,APPROVE,51-60
A0795,51,433,7444.62,31.68,4,D,REVIEW,51-60
A0796,38,801,19556.72,15.69,0,A,APPROVE,31-40
A0797,69,513,5062.08,41.43,0,C,REVIEW,61-70
A0798,68,765,18168.29,22.43,2,B,APPROVE,61-70
A0799,44,211,15982.46,10.16,3,E,DENY,41-50
A0800,36,408,3376.64,34.69,4,D,REVIEW,31-40
A0801,58,213,19761.12,30.72,2,E,DENY,51-60
A0802,42,832,6884.59,17.63,0,A,APPROVE,41-50
A0803,35,617,3774.49,29.86,2,C,REVIEW,31-40
A0804,23,636,16927.66,13.79,4,C,REVIEW,18-30
A0805,32,576,14720.16,22.79,1,C,REVIEW,31-40
A0806,60,219,13109.94,40.98,4,E,DENY,51-60
A0807,59,786,4807.66,10.34,1,B,APPROVE,51-60
A0808,55,934,10612.93,20.47,1,A,APPROVE,51-60
A0809,59,269,16050.01,37.85,1,E,DENY,51-60
A0810,55,410,7465.23,43.78,2,D,REVIEW,51-60
A0811,39,300,7610.42,23.16,0,E,DENY,31-40
A0812,51,897,2056.54,25.28,2,A,APPROVE,51-60
A0813,36,331,5136.38,27.89,0,E,DENY,31-40
A0814,48,822,17757.3,42.29,4,A,APPROVE,41-50
A0815,55,580,9951.44,39.33,3,C,REVIEW,51-60
A0816,59,331,19716.22,11.82,4,E,DENY,51-60
A0817,54,219,9122.74,22.47,2,E,DENY,51-60
A0818,45,735,14873.36,23.56,2,B,APPROVE,41-50
A0819,36,426,7074.54,36.56,0,D,REVIEW,31-40
A0820,51,353,8548.57,29.12,2,D,DENY,51-60
A0821,63,941,5433.07,31.17,1,A,APPROVE,61-70
A0822,38,668,8247.12,44.93,2,B,APPROVE,31-40
A0823,26,604,11850.28,8.0,0,C,REVIEW,18-30
A0824,50,401,19851.91,13.92,0,D,REVIEW,41-50
A0825,25,237,13955.63,21.32,1,E,DENY,18-30
A0826,31,387,5586.43,18.91,0,D,DENY,31-40
A0827,38,256,2809.31,5.87,3,E,DENY,31-40
A0828,31,219,4274.42,8.67,4,E,DENY,31-40
A0829,38,472,12125.99,32.24,2,D,REVIEW,31-40
A0830,41,318,15772.89,40.17,3,E,DENY,41-50
A0831,45,782,18927.55,25.57,2,B,APPROVE,41-50
A0832,26,715,2284.82,26.57,3,B,APPROVE,18-30
A0833,55,420,11409.68,15.2,2,D,REVIEW,51-60
A0834,27,725,10475.61,35.72,1,B,APPROVE,18-30
A0835,23,714,13808.99,35.07,0,B,APPROVE,18-30
A0836,34,927,12072.42,28.53,0,A,APPROVE,31-40
A0837,64,940,14366.7,13.51,1,A,APPROVE,61-70
A0838,64,535,13845.49,8.88,3,C,REVIEW,61-70
A0839,69,897,4106.21,7.57,4,A,APPROVE,61-70
A0840,32,254,16394.92,28.71,3,E,DENY,31-40
A0841,68,699,4218.19,38.0,0,B,APPROVE,61-70
A0842,44,735,14573.55,39.33,4,B,APPROVE,41-50
A0843,37,361,9490.62,23.54,2,D,DENY,31-40
A0844,52,869,11249.31,36.37,4,A,APPROVE,51-60
A0845,32,793,18259.36,42.88,3,B,APPROVE,31-40
A0846,37,358,18017.91,16.01,1,D,DENY,31-40
A0847,29,387,16721.41,20.92,2,D,DENY,18-30
A0848,25,259,11182.67,42.26,3,E,DENY,18-30
A0849,61,518,15252.32,18.53,2,C,REVIEW,61-70
A0850,25,410,11232.15,41.56,4,D,REVIEW,18-30
A0851,46,605,17652.91,44.24,0,C,REVIEW,41-50
A0852,24,863,9249.96,31.47,3,A,APPROVE,18-30
A0853,53,308,19464.24,37.68,1,E,DENY,51-60
A0854,24,275,18781.81,34.98,4,E,DENY,18-30
A0855,48,741,15348.85,32.98,3,B,APPROVE,41-50
A0856,50,513,7029.49,17.28,1,C,REVIEW,41-50
A0857,53,316,4369.76,7.28,3,E,DENY,51-60
A0858,40,903,17384.66,18.72,4,A,APPROVE,31-40
A0859,42,218,4975.44,31.68,3,E,DENY,41-50
A0860,26,631,17376.69,9.1,2,C,REVIEW,18-30
A0861,39,884,10833.77,5.48,4,A,APPROVE,31-40
A0862,49,939,9318.02,10.59,3,A,APPROVE,41-50
A0863,63,549,18257.43,33.63,0,C,REVIEW,61-70
A0864,43,382,12869.32,43.91,3,D,DENY,41-50
A0865,42,312,12379.05,44.32,2,E,DENY,41-50
A0866,27,382,12057.79,24.76,1,D,DENY,18-30
A0867,22,680,8681.05,39.77,1,B,APPROVE,18-30
A0868,26,345,16141.58,34.47,1,E,DENY,18-30
A0869,62,827,6550.37,25.04,0,A,APPROVE,61-70
A0870,33,312,18900.11,27.91,2,E,DENY,31-40
A0871,47,675,18091.73,10.49,4,B,APPROVE,41-50
A0872,67,502,8074.65,42.51,1,C,REVIEW,61-70
A0873,55,317,15130.35,19.08,2,E,DENY,51-60
A0874,35,360,12318.02,22.85,3,D,DENY,31-40
A0875,47,600,8077.69,31.87,0,C,REVIEW,41-50
A0876,66,397,19793.39,18.36,2,D,DENY,61-70
A0877,48,459,2454.27,15.17,2,D,REVIEW,41-50
A0878,30,859,6547.63,30.24,4,A,APPROVE,18-30
A0879,47,246,11361.33,6.0,2,E,DENY,41-50
A0880,68,598,11395.15,33.83,4,C,REVIEW,61-70
A0881,43,909,12600.8,25.56,0,A,APPROVE,41-50
A0882,68,758,15530.17,29.23,0,B,APPROVE,61-70
A0883,51,277,13222.6,30.28,3,E,DENY,51-60
A0884,64,323,12805.07,26.08,4,E,DENY,61-70
A0885,69,274,2963.26,28.3,4,E,DENY,61-70
A0886,38,336,8777.55,32.35,1,E,DENY,31-40
A0887,47,801,6177.0,35.12,1,A,APPROVE,41-50
A0888,57,599,6776.66,34.1,3,C,REVIEW,51-60
A0889,22,704,11978.07,39.78,0,B,APPROVE,18-30
A0890,29,699,5591.1,12.58,1,B,APPROVE,18-30
A0891,56,772,7291.08,21.05,2,B,APPROVE,51-60
A0892,36,337,6267.52,42.91,0,E,DENY,31-40
A0893,68,249,19073.05,20.86,2,E,DENY,61-70
A0894,43,818,19003.98,9.99,4,A,APPROVE,41-50
A0895,35,824,12978.95,26.02,0,A,APPROVE,31-40
A0896,47,453,18641.4,9.38,3,D,REVIEW,41-50
A0897,49,829,16144.63,13.11,4,A,APPROVE,41-50
A0898,44,909,12619.06,44.93,4,A,APPROVE,41-50
A0899,35,762,2115.83,26.65,2,B,APPROVE,31-40
A0900,45,625,15905.29,16.36,4,C,REVIEW,41-50
A0901,23,746,14644.79,44.79,1,B,APPROVE,18-30
A0902,66,501,13074.57,43.66,0,C,REVIEW,61-70
A0903,47,780,15687.64,22.63,1,B,APPROVE,41-50
A0904,35,548,11232.6,15.42,2,C,REVIEW,31-40
A0905,28,248,14673.5,38.54,2,E,DENY,18-30
A0906,24,273,18833.1,33.62,0,E,DENY,18-30
A0907,68,903,8764.49,32.48,4,A,APPROVE,61-70
A0908,44,460,14746.19,40.72,3,D,REVIEW,41-50
A0909,67,555,10562.38,32.58,2,C,REVIEW,61-70
A0910,64,781,14139.19,16.35,0,B,APPROVE,61-70
A0911,68,801,15732.08,32.75,3,A,APPROVE,61-70
A0912,66,459,2818.15,17.23,4,D,REVIEW,61-70
A0913,39,837,13638.81,35.37,2,A,APPROVE,31-40
A0914,59,942,6081.34,29.79,0,A,APPROVE,51-60
A0915,56,494,14060.59,8.1,0,D,REVIEW,51-60
A0916,36,840,10429.94,25.51,0,A,APPROVE,31-40
A0917,46,512,15923.95,18.73,2,C,REVIEW,41-50
A0918,58,811,4221.21,18.14,3,A,APPROVE,51-60
A0919,49,381,13273.8,29.09,0,D,DENY,41-50
A0920,31,885,7012.47,17.89,4,A,APPROVE,31-40
A0921,60,563,17353.68,36.08,0,C,REVIEW,51-60
A0922,38,387,18710.9,7.83,3,D,DENY,31-40
A0923,60,768,19935.17,31.42,2,B,APPROVE,51-60
A0924,43,742,16328.13,37.37,0,B,APPROVE,41-50
A0925,47,795,15567.21,31.91,0,B,APPROVE,41-50
A0926,65,863,5879.01,24.89,4,A,APPROVE,61-70
A0927,46,747,8048.13,43.01,4,B,APPROVE,41-50
A0928,38,924,10382.29,17.0,0,A,APPROVE,31-40
A0929,34,607,15920.86,5.77,0,C,REVIEW,31-40
A0930,41,817,18469.39,22.28,4,A,APPROVE,41-50
A0931,46,613,5404.5,6.32,3,C,REVIEW,41-50
A0932,25,541,18602.61,43.16,1,C,REVIEW,18-30
A0933,31,419,14521.24,13.4,1,D,REVIEW,31-40
A0934,24,362,12993.87,36.56,0,D,DENY,18-30
A0935,62,419,5597.14,35.98,4,D,REVIEW,61-70
A0936,66,469,2999.45,13.71,2,D,REVIEW,61-70
A0937,39,831,12232.37,29.85,2,A,APPROVE,31-40
A0938,68,599,13727.28,6.92,1,C,REVIEW,61-70
A0939,57,381,5794.07,24.34,3,D,DENY,51-60
A0940,68,817,12016.21,5.59,1,A,APPROVE,61-70
A0941,43,928,17416.88,41.85,0,A,APPROVE,41-50
A0942,55,404,17031.19,44.04,3,D,REVIEW,51-60
A0943,68,781,18692.39,13.89,2,B,APPROVE,61-70
A0944,29,755,8585.94,13.32,4,B,APPROVE,18-30
A0945,61,427,7724.89,35.15,4,D,REVIEW,61-70
A0946,65,895,15489.67,15.14,0,A,APPROVE,61-70
A0947,40,818,9760.02,40.8,1,A,APPROVE,31-40
A0948,63,795,3575.88,27.96,0,B,APPROVE,61-70
A0949,62,449,7090.42,19.03,4,D,REVIEW,61-70
A0950,58,640,9534.48,38.31,2,C,REVIEW,51-60
A0951,27,732,7265.3,24.74,4,B,APPROVE,18-30
A0952,47,395,7979.7,41.47,3,D,DENY,41-50
A0953,55,889,7287.97,42.12,4,A,APPROVE,51-60
A0954,66,718,2746.99,11.62,4,B,APPROVE,61-70
A0955,27,269,13467.7,5.09,3,E,DENY,18-30
A0956,58,838,12751.26,44.36,1,A,APPROVE,51-60
A0957,54,598,13760.9,41.25,4,C,REVIEW,51-60
A0958,43,871,5461.58,7.22,0,A,APPROVE,41-50
A0959,42,402,7321.78,38.32,4,D,REVIEW,41-50
A0960,27,347,13153.09,23.31,0,E,DENY,18-30
A0961,27,671,12793.3,15.36,3,B,APPROVE,18-30
A0962,69,854,11113.95,40.15,4,A,APPROVE,61-70
A0963,25,398,8307.44,12.87,3,D,DENY,18-30
A0964,51,625,18432.76,42.89,3,C,REVIEW,51-60
A0965,32,865,8115.86,13.22,1,A,APPROVE,31-40
A0966,51,691,10201.14,29.55,4,B,APPROVE,51-60
A0967,52,341,14206.05,13.92,0,E,DENY,51-60
A0968,45,512,11774.39,26.83,0,C,REVIEW,41-50
A0969,30,364,8243.95,32.36,4,D,DENY,18-30
A0970,24,513,9841.61,12.61,1,C,REVIEW,18-30
A0971,52,220,16300.65,25.84,1,E,DENY,51-60
A0972,61,281,7006.32,23.76,1,E,DENY,61-70
A0973,58,780,4560.59,7.84,0,B,APPROVE,51-60
A0974,57,330,7636.94,37.73,3,E,DENY,51-60
A0975,45,798,17291.62,18.43,1,B,APPROVE,41-50
A0976,52,929,3601.81,27.98,0,A,APPROVE,51-60
A0977,27,504,19850.53,25.59,0,C,REVIEW,18-30
A0978,23,570,11738.05,25.53,3,C,REVIEW,18-30
A0979,41,583,19727.22,9.29,4,C,REVIEW,41-50
A0980,49,644,18901.94,21.94,4,C,REVIEW,41-50
A0981,32,624,10150.65,23.09,1,C,REVIEW,31-40
A0982,25,360,5572.84,34.35,1,D,DENY,18-30
A0983,36,377,4967.93,38.6,3,D,DENY,31-40
A0984,27,828,6319.81,26.8,1,A,APPROVE,18-30
A0985,51,907,14782.39,8.47,3,A,APPROVE,51-60
A0986,59,689,6913.1,14.47,0,B,APPROVE,51-60
A0987,23,526,8145.65,11.6,1,C,REVIEW,18-30
A0988,36,797,10078.02,9.98,0,B,APPROVE,31-40
A0989,32,488,18438.19,19.64,2,D,REVIEW,31-40
A0990,29,792,5409.08,14.18,3,B,APPROVE,18-30
A0991,47,863,2090.48,13.73,2,A,APPROVE,41-50
A0992,66,772,3081.74,7.19,1,B,APPROVE,61-70
A0993,65,772,18285.79,5.71,0,B,APPROVE,61-70
A0994,26,553,13655.3,9.11,1,C,REVIEW,18-30
A0995,27,227,6914.73,11.89,2,E,DENY,18-30
A0996,47,242,5189.47,22.24,1,E,DENY,41-50
A0997,25,880,7296.8,25.42,4,A,APPROVE,18-30
A0998,40,622,4066.34,10.62,2,C,REVIEW,31-40
A0999,41,797,18947.59,21.99,1,B,APPROVE,41-50
A1000,54,376,16115.71,18.67,0,D,DENY,51-60
A1001,41,728,10323.04,12.34,1,B,APPROVE,41-50
A1002,33,809,17569.33,5.27,0,A,APPROVE,31-40
A1003,68,693,6490.25,23.68,4,B,APPROVE,61-70
A1004,22,397,14908.17,32.43,1,D,DENY,18-30
A1005,47,809,17410.38,14.05,4,A,APPROVE,41-50
A1006,35,776,8421.84,10.27,2,B,APPROVE,31-40
A1007,59,716,15634.36,40.48,0,B,APPROVE,51-60
A1008,58,713,7311.3,16.0,2,B,APPROVE,51-60
A1009,32,221,7379.43,13.94,0,E,DENY,31-40
A1010,57,311,3927.03,39.28,4,E,DENY,51-60
A1011,34,256,9921.04,37.68,3,E,DENY,31-40
A1012,64,265,15134.81,22.93,1,E,DENY,61-70
A1013,24,297,18923.97,24.57,4,E,DENY,18-30
A1014,54,343,12868.35,13.71,0,E,DENY,51-60
A1015,27,634,17536.44,8.13,0,C,REVIEW,18-30
A1016,31,836,16804.9,27.94,0,A,APPROVE,31-40
A1017,26,878,5120.17,8.93,0,A,APPROVE,18-30
A1018,44,285,10744.71,22.97,1,E,DENY,41-50
A1019,31,787,4104.62,42.62,2,B,APPROVE,31-40
A1020,65,543,14278.76,43.11,3,C,REVIEW,61-70
A1021,23,493,19098.19,14.57,1,D,REVIEW,18-30
A1022,34,770,4467.61,29.96,0,B,APPROVE,31-40
A1023,61,849,15209.9,23.96,1,A,APPROVE,61-70
A1024,23,810,13380.29,40.03,4,A,APPROVE,18-30
A1025,41,903,12504.89,15.86,0,A,APPROVE,41-50
A1026,22,442,9022.16,5.15,3,D,REVIEW,18-30
A1027,58,760,8392.37,11.5,0,B,APPROVE,51-60
A1028,30,231,2814.49,18.98,3,E,DENY,18-30
A1029,38,590,5922.36,17.63,3,C,REVIEW,31-40
A1030,30,476,2273.18,36.65,2,D,REVIEW,18-30
A1031,32,731,12465.51,32.22,2,B,APPROVE,31-40
A1032,36,353,3905.36,16.98,1,D,DENY,31-40
A1033,45,582,17714.35,23.31,1,C,REVIEW,41-50
A1034,59,267,11416.57,8.82,3,E,DENY,51-60
A1035,56,413,14594.42,40.93,0,D,REVIEW,51-60
A1036,51,854,9395.43,42.42,4,A,APPROVE,51-60
A1037,52,575,12090.44,44.19,4,C,REVIEW,51-60
A1038,26,943,18967.87,39.74,0,A,APPROVE,18-30
A1039,65,412,3489.21,11.96,0,D,REVIEW,61-70
A1040,35,278,6570.88,6.85,2,E,DENY,31-40
A1041,32,925,16039.79,28.18,4,A,APPROVE,31-40
A1042,30,827,3777.27,41.5,3,A,APPROVE,18-30
A1043,55,803,3361.9,12.09,1,A,APPROVE,51-60
A1044,33,580,8507.75,5.28,2,C,REVIEW,31-40
A1045,56,879,3659.02,37.22,4,A,APPROVE,51-60
A1046,56,257,12531.41,8.07,0,E,DENY,51-60
A1047,22,225,6072.95,21.55,4,E,DENY,18-30
A1048,61,646,18122.56,32.16,3,C,REVIEW,61-70
A1049,43,265,16103.0,14.47,2,E,DENY,41-50
A1050,50,453,14594.69,8.36,0,D,REVIEW,41-50
A1051,29,243,13104.99,35.8,3,E,DENY,18-30
A1052,32,296,17542.38,30.21,1,E,DENY,31-40
A1053,62,753,6015.12,44.54,2,B,APPROVE,61-70
A1054,58,426,17715.96,18.77,3,D,REVIEW,51-60
A1055,35,878,16210.86,7.47,3,A,APPROVE,31-40
A1056,51,635,15466.89,34.37,0,C,REVIEW,51-60
A1057,56,800,12102.6,25.87,1,A,APPROVE,51-60
A1058,42,578,6432.39,13.53,3,C,REVIEW,41-50
A1059,58,377,9623.86,36.27,2,D,DENY,51-60
A1060,26,626,16284.27,13.15,3,C,REVIEW,18-30
A1061,40,908,2572.01,15.43,4,A,APPROVE,31-40
A1062,35,506,16076.91,8.7,2,C,REVIEW,31-40
A1063,47,703,6321.27,20.98,2,B,APPROVE,41-50
A1064,25,467,4597.57,21.76,3,D,REVIEW,18-30
A1065,46,785,4082.62,25.58,0,B,APPROVE,41-50
A1066,66,207,2490.5,33.36,2,E,DENY,61-70
A1067,63,707,11424.56,41.24,4,B,APPROVE,61-70
A1068,46,675,5928.68,10.51,0,B,APPROVE,41-50
A1069,39,496,19809.77,7.17,0,D,REVIEW,31-40
A1070,61,363,12339.86,5.74,0,D,DENY,61-70
A1071,29,684,4481.93,10.74,2,B,APPROVE,18-30
A1072,60,796,14397.73,31.32,0,B,APPROVE,51-60
A1073,61,271,18159.38,34.1,3,E,DENY,61-70
A1074,35,766,15413.23,36.46,0,B,APPROVE,31-40
A1075,53,758,3375.92,14.75,4,B,APPROVE,51-60
A1076,59,437,18125.92,17.24,1,D,REVIEW,51-60
A1077,54,303,16290.73,24.33,4,E,DENY,51-60
A1078,44,409,4849.47,7.53,2,D,REVIEW,41-50
A1079,36,753,2932.15,29.45,0,B,APPROVE,31-40
A1080,54,667,12031.59,44.35,0,B,APPROVE,51-60
A1081,46,653,4808.64,19.43,3,B,APPROVE,41-50
A1082,38,467,17022.64,35.11,0,D,REVIEW,31-40
A1083,54,585,8450.02,25.0,4,C,REVIEW,51-60
A1084,68,586,18432.06,10.11,2,C,REVIEW,61-70
A1085,23,458,12182.39,28.29,1,D,REVIEW,18-30
A1086,35,482,5288.1,16.99,0,D,REVIEW,31-40
A1087,61,825,4512.78,6.38,1,A,APPROVE,61-70
A1088,61,239,12376.5,30.4,0,E,DENY,61-70
A1089,60,685,15713.91,39.36,2,B,APPROVE,51-60
A1090,27,419,16067.1,18.79,4,D,REVIEW,18-30
A1091,27,328,6963.63,20.61,2,E,DENY,18-30
A1092,24,719,5676.44,40.64,1,B,APPROVE,18-30
A1093,28,812,2301.61,37.54,0,A,APPROVE,18-30
A1094,29,887,14225.58,33.6,1,A,APPROVE,18-30
A1095,63,818,3378.23,14.95,4,A,APPROVE,61-70
A1096,36,812,9573.7,41.41,2,A,APPROVE,31-40
A1097,68,459,12830.28,11.18,1,D,REVIEW,61-70
A1098,50,565,18867.96,30.07,1,C,REVIEW,41-50
A1099,54,743,7612.44,6.15,4,B,APPROVE,51-60
A1100,51,848,6495.9,30.75,0,A,APPROVE,51-60
A1101,60,723,13774.88,16.09,1,B,APPROVE,51-60
A1102,48,215,13146.3,22.99,4,E,DENY,41-50
A1103,57,328,7977.98,18.81,0,E,DENY,51-60
A1104,50,774,18705.83,11.91,0,B,APPROVE,41-50
A1105,59,308,17207.52,29.88,2,E,DENY,51-60
A1106,54,732,6031.69,40.28,4,B,APPROVE,51-60
A1107,58,869,6304.57,43.36,0,A,APPROVE,51-60
A1108,48,468,11221.41,12.69,2,D,REVIEW,41-50
A1109,54,361,15924.3,33.69,3,D,DENY,51-60
A1110,25,459,2792.73,31.57,4,D,REVIEW,18-30
A1111,43,301,14480.03,18.74,3,E,DENY,41-50
A1112,23,705,13668.25,5.76,0,B,APPROVE,18-30
A1113,31,934,6166.64,32.59,4,A,APPROVE,31-40
A1114,26,770,14264.35,42.82,2,B,APPROVE,18-30
A1115,31,446,18923.3,30.28,0,D,REVIEW,31-40
A1116,54,839,2842.15,22.41,4,A,APPROVE,51-60
A1117,59,736,7753.74,26.01,4,B,APPROVE,51-60
A1118,34,330,9887.18,12.99,3,E,DENY,31-40
A1119,52,552,18186.69,35.02,0,C,REVIEW,51-60
A1120,68,395,19320.71,34.86,2,D,DENY,61-70
A1121,57,865,9994.07,10.82,2,A,APPROVE,51-60
A1122,66,581,15500.51,40.12,0,C,REVIEW,61-70
A1123,45,844,11569.9,15.77,0,A,APPROVE,41-50
A1124,36,426,11680.09,44.29,1,D,REVIEW,31-40
A1125,50,900,7005.79,20.32,3,A,APPROVE,41-50
A1126,29,675,5905.21,12.12,0,B,APPROVE,18-30
A1127,26,676,7184.1,19.07,0,B,APPROVE,18-30
A1128,50,464,12013.9,22.61,1,D,REVIEW,41-50
A1129,68,571,2524.79,7.77,1,C,REVIEW,61-70
A1130,25,685,18330.48,28.13,4,B,APPROVE,18-30
A1131,33,633,4813.11,28.91,2,C,REVIEW,31-40
A1132,66,845,5961.6,34.56,3,A,APPROVE,61-70
A1133,23,410,11328.97,6.17,4,D,REVIEW,18-30
A1134,48,771,14782.07,26.65,0,B,APPROVE,41-50
A1135,52,576,3723.12,7.12,1,C,REVIEW,51-60
A1136,57,594,7718.5,33.05,2,C,REVIEW,51-60
A1137,57,649,19436.14,7.23,4,C,REVIEW,51-60
A1138,47,563,6722.17,41.47,2,C,REVIEW,41-50
A1139,64,656,7634.9,33.08,1,B,APPROVE,61-70
A1140,48,924,17056.97,25.3,4,A,APPROVE,41-50
A1141,26,927,2903.86,22.66,4,A,APPROVE,18-30
A1142,41,425,10363.04,10.23,2,D,REVIEW,41-50
A1143,32,330,8833.1,16.64,1,E,DENY,31-40
A1144,31,787,7698.56,39.76,0,B,APPROVE,31-40
A1145,61,675,7142.59,41.18,4,B,APPROVE,61-70
A1146,59,476,3644.73,5.03,0,D,REVIEW,51-60
A1147,27,355,7666.86,28.77,1,D,DENY,18-30
A1148,29,417,2774.94,33.77,4,D,REVIEW,18-30
A1149,44,389,16057.35,29.75,4,D,DENY,41-50
A1150,68,616,9168.1,8.27,0,C,REVIEW,61-70
A1151,47,874,9990.27,13.71,3,A,APPROVE,41-50
A1152,67,891,18084.7,15.01,0,A,APPROVE,61-70
A1153,64,745,13844.99,38.27,0,B,APPROVE,61-70
A1154,33,240,2145.06,23.53,3,E,DENY,31-40
A1155,47,506,18977.15,24.47,1,C,REVIEW,41-50
A1156,34,537,6268.6,42.4,1,C,REVIEW,31-40
A1157,61,513,3937.06,30.48,4,C,REVIEW,61-70
A1158,39,274,15826.31,40.95,2,E,DENY,31-40
A1159,46,478,11008.59,23.26,2,D,REVIEW,41-50
A1160,54,375,9807.87,10.98,4,D,DENY,51-60
A1161,68,861,6491.06,42.2,2,A,APPROVE,61-70
A1162,61,472,11854.49,23.35,0,D,REVIEW,61-70
A1163,64,819,6938.92,12.27,0,A,APPROVE,61-70
A1164,33,850,18228.49,17.1,3,A,APPROVE,31-40
A1165,65,488,5873.68,7.03,3,D,REVIEW,61-70
A1166,57,923,17918.39,23.73,4,A,APPROVE,51-60
A1167,69,471,12069.3,39.13,4,D,REVIEW,61-70
A1168,25,265,16912.79,42.34,4,E,DENY,18-30
A1169,26,682,14831.23,42.3,0,B,APPROVE,18-30
A1170,58,447,14540.51,10.01,2,D,REVIEW,51-60
A1171,29,355,7838.22,20.28,4,D,DENY,18-30
A1172,63,246,6210.14,6.13,4,E,DENY,61-70
A1173,49,653,5795.95,39.21,0,B,APPROVE,41-50
A1174,52,400,17429.45,19.35,0,D,REVIEW,51-60
A1175,30,859,16767.68,30.24,0,A,APPROVE,18-30
A1176,50,323,9930.32,33.6,2,E,DENY,41-50
A1177,35,200,4383.28,22.19,4,E,DENY,31-40
A1178,61,839,8880.54,17.26,1,A,APPROVE,61-70
A1179,62,390,13148.18,43.49,1,D,DENY,61-70
A1180,43,778,10179.26,43.58,4,B,APPROVE,41-50
A1181,32,715,16043.41,16.58,4,B,APPROVE,31-40
A1182,44,641,19957.21,24.19,4,C,REVIEW,41-50
A1183,22,342,5440.38,43.91,4,E,DENY,18-30
A1184,67,390,10273.71,5.19,2,D,DENY,61-70
A1185,58,732,9757.71,21.51,1,B,APPROVE,51-60
A1186,42,426,7480.87,9.02,3,D,REVIEW,41-50
A1187,47,512,5565.72,25.37,1,C,REVIEW,41-50
A1188,67,828,3182.46,5.99,1,A,APPROVE,61-70
A1189,57,501,17968.15,21.28,0,C,REVIEW,51-60
A1190,44,853,9557.28,13.83,4,A,APPROVE,41-50
A1191,22,659,10944.12,26.33,4,B,APPROVE,18-30
A1192,61,600,18504.96,44.84,4,C,REVIEW,61-70
A1193,36,750,15973.23,37.02,0,B,APPROVE,31-40
A1194,42,592,4349.02,38.83,2,C,REVIEW,41-50
A1195,68,406,12177.56,30.41,2,D,REVIEW,61-70
A1196,30,409,9960.54,6.66,3,D,REVIEW,18-30
A1197,30,314,16349.8,13.27,2,E,DENY,18-30
A1198,31,936,15036.19,42.0,2,A,APPROVE,31-40
A1199,47,845,14427.3,19.64,4,A,APPROVE,41-50
A1200,62,450,8129.81,9.15,1,D,REVIEW,61-70
A1201,56,418,16489.35,33.1,2,D,REVIEW,51-60
A1202,46,606,2943.04,16.98,2,C,REVIEW,41-50
A1203,47,642,4873.25,15.75,0,C,REVIEW,41-50
A1204,32,802,8041.22,44.92,3,A,APPROVE,31-40
A1205,59,553,3382.53,39.33,0,C,REVIEW,51-60
A1206,23,757,6229.9,21.32,4,B,APPROVE,18-30
A1207,28,749,16942.72,44.21,1,B,APPROVE,18-30
A1208,39,341,19068.53,31.0,3,E,DENY,31-40
A1209,48,811,7482.84,34.68,0,A,APPROVE,41-50
A1210,55,700,6761.28,6.26,2,B,APPROVE,51-60
A1211,48,901,7038.07,9.86,2,A,APPROVE,41-50
A1212,38,746,6998.94,30.32,3,B,APPROVE,31-40
A1213,64,858,2646.74,40.96,2,A,APPROVE,61-70
A1214,65,741,18684.49,29.95,0,B,APPROVE,61-70
A1215,45,706,5846.57,10.36,0,B,APPROVE,41-50
A1216,46,795,9560.07,9.63,2,B,APPROVE,41-50
A1217,28,480,2174.36,38.77,2,D,REVIEW,18-30
A1218,27,623,17443.19,10.57,4,C,REVIEW,18-30
A1219,45,469,15160.83,25.81,1,D,REVIEW,41-50
A1220,54,353,19041.61,6.48,3,D,DENY,51-60
A1221,50,813,16069.08,8.23,0,A,APPROVE,41-50
A1222,64,926,7646.72,31.89,3,A,APPROVE,61-70
A1223,43,861,6461.72,32.57,4,A,APPROVE,41-50
A1224,47,282,14558.89,18.66,0,E,DENY,41-50
A1225,49,821,8554.03,13.62,4,A,APPROVE,41-50
A1226,42,625,12191.87,37.55,4,C,REVIEW,41-50
A1227,28,474,2112.63,13.68,2,D,REVIEW,18-30
A1228,38,912,3113.94,26.68,3,A,APPROVE,31-40
A1229,41,483,11636.62,43.73,3,D,REVIEW,41-50
A1230,62,372,12189.29,10.91,2,D,DENY,61-70
A1231,41,526,15526.15,42.64,3,C,REVIEW,41-50
A1232,43,917,4375.38,12.32,2,A,APPROVE,41-50
A1233,49,262,11237.3,27.7,0,E,DENY,41-50
A1234,61,272,5500.06,20.08,4,E,DENY,61-70
A1235,28,835,3677.53,43.6,4,A,APPROVE,18-30
A1236,22,574,9388.92,15.94,3,C,REVIEW,18-30
A1237,53,832,4940.06,20.99,1,A,APPROVE,51-60
A1238,34,707,5992.08,44.31,4,B,APPROVE,31-40
A1239,51,597,7715.98,26.46,2,C,REVIEW,51-60
A1240,44,319,6668.99,25.11,1,E,DENY,41-50
A1241,40,636,3576.64,15.31,1,C,REVIEW,31-40
A1242,53,875,3618.49,33.05,4,A,APPROVE,51-60
A1243,51,664,5478.49,5.57,4,B,APPROVE,51-60
A1244,50,485,2910.07,6.98,4,D,REVIEW,41-50
A1245,66,464,13276.23,28.97,2,D,REVIEW,61-70
A1246,50,519,7171.88,18.67,1,C,REVIEW,41-50
A1247,51,872,7035.43,43.13,3,A,APPROVE,51-60
A1248,37,575,7975.97,41.13,2,C,REVIEW,31-40
A1249,61,288,13930.33,33.55,0,E,DENY,61-70
A1250,40,853,17671.41,37.73,4,A,APPROVE,31-40
A1251,39,402,15663.56,31.69,1,D,REVIEW,31-40
A1252,22,938,15095.53,10.02,2,A,APPROVE,18-30
A1253,35,533,10719.04,35.62,0,C,REVIEW,31-40
A1254,68,421,14488.5,13.41,2,D,REVIEW,61-70
A1255,23,240,11949.72,17.94,2,E,DENY,18-30
A1256,49,907,5892.51,37.77,3,A,APPROVE,41-50
A1257,51,267,5754.59,26.46,3,E,DENY,51-60
A1258,59,713,7335.06,39.4,2,B,APPROVE,51-60
A1259,25,836,18394.45,13.52,0,A,APPROVE,18-30
A1260,22,821,11853.47,29.31,1,A,APPROVE,18-30
A1261,29,797,15210.3,8.35,1,B,APPROVE,18-30
A1262,50,831,8238.06,30.72,4,A,APPROVE,41-50
A1263,60,326,9338.88,35.5,4,E,DENY,51-60
A1264,24,454,4260.18,28.4,1,D,REVIEW,18-30
A1265,53,894,5083.31,15.65,2,A,APPROVE,51-60
A1266,31,215,16892.42,6.25,2,E,DENY,31-40
A1267,31,676,12527.1,9.78,3,B,APPROVE,31-40
A1268,40,261,8075.58,29.89,3,E,DENY,31-40
A1269,67,631,16451.32,42.38,4,C,REVIEW,61-70
A1270,55,869,6437.36,13.26,1,A,APPROVE,51-60
A1271,54,467,19568.59,34.4,2,D,REVIEW,51-60
A1272,44,234,8206.72,39.66,1,E,DENY,41-50
A1273,49,775,8071.6,25.84,0,B,APPROVE,41-50
A1274,53,693,7614.41,31.77,1,B,APPROVE,51-60
A1275,28,761,4198.01,37.6,0,B,APPROVE,18-30
A1276,50,668,4000.47,15.43,3,B,APPROVE,41-50
A1277,29,860,13665.89,16.88,3,A,APPROVE,18-30
A1278,22,524,17752.12,5.03,4,C,REVIEW,18-30
A1279,24,503,16229.37,43.52,1,C,REVIEW,18-30
A1280,45,475,4539.94,41.7,1,D,REVIEW,41-50
A1281,44,883,11820.48,35.58,0,A,APPROVE,41-50
A1282,29,400,3900.65,8.16,3,D,REVIEW,18-30
A1283,68,644,2815.3,22.9,0,C,REVIEW,61-70
A1284,58,523,13814.95,9.08,3,C,REVIEW,51-60
A1285,24,234,11632.74,5.64,0,E,DENY,18-30
A1286,54,681,3476.43,29.65,3,B,APPROVE,51-60
A1287,49,927,2628.91,43.43,0,A,APPROVE,41-50
A1288,68,679,19815.62,41.11,3,B,APPROVE,61-70
A1289,29,264,2540.38,32.87,0,E,DENY,18-30
A1290,55,207,10001.51,8.87,1,E,DENY,51-60
A1291,56,500,11083.14,15.97,4,C,REVIEW,51-60
A1292,53,542,4111.04,17.8,0,C,REVIEW,51-60
A1293,45,630,5043.11,35.53,4,C,REVIEW,41-50
A1294,35,623,8332.49,37.09,1,C,REVIEW,31-40
A1295,53,531,15710.17,20.4,1,C,REVIEW,51-60
A1296,67,637,11127.48,21.72,3,C,REVIEW,61-70
A1297,64,787,13482.23,6.78,4,B,APPROVE,61-70
A1298,37,373,19733.14,16.57,2,D,DENY,31-40
A1299,25,758,15824.1,23.05,3,B,APPROVE,18-30
A1300,58,726,9818.51,9.68,4,B,APPROVE,51-60
A1301,42,858,10035.95,23.13,0,A,APPROVE,41-50
A1302,35,225,13137.9,39.13,0,E,DENY,31-40
A1303,52,804,13976.57,28.25,1,A,APPROVE,51-60
A1304,69,605,11012.8,8.16,2,C,REVIEW,61-70
A1305,39,431,13607.5,12.67,0,D,REVIEW,31-40
A1306,28,732,2423.58,23.98,4,B,APPROVE,18-30
A1307,31,749,9733.21,19.46,4,B,APPROVE,31-40
A1308,28,704,7020.89,19.35,0,B,APPROVE,18-30
A1309,54,868,4325.14,26.17,4,A,APPROVE,51-60
A1310,44,378,3791.84,28.38,4,D,DENY,41-50
A1311,42,331,12857.46,36.87,1,E,DENY,41-50
A1312,40,654,11424.81,18.64,2,B,APPROVE,31-40
A1313,69,547,6564.51,37.22,1,C,REVIEW,61-70
A1314,40,739,10477.1,18.54,2,B,APPROVE,31-40
A1315,57,605,10860.18,7.22,4,C,REVIEW,51-60
A1316,50,275,5510.16,27.17,2,E,DENY,41-50
A1317,39,778,13737.68,28.52,4,B,APPROVE,31-40
A1318,23,691,16056.55,42.38,4,B,APPROVE,18-30
A1319,22,393,16246.34,34.04,1,D,DENY,18-30
A1320,68,361,12844.46,41.71,1,D,DENY,61-70
A1321,26,546,11209.49,41.33,3,C,REVIEW,18-30
A1322,41,560,3098.13,29.18,0,C,REVIEW,41-50
A1323,32,783,7180.96,26.11,3,B,APPROVE,31-40
A1324,63,286,3678.89,27.3,3,E,DENY,61-70
A1325,23,461,19348.82,44.13,2,D,REVIEW,18-30
A1326,24,413,4431.44,35.93,4,D,REVIEW,18-30
A1327,44,864,4731.96,9.25,4,A,APPROVE,41-50
A1328,33,921,18012.38,36.14,4,A,APPROVE,31-40
A1329,41,772,18990.71,11.82,0,B,APPROVE,41-50
A1330,26,461,15784.92,22.89,2,D,REVIEW,18-30
A1331,58,929,2097.29,13.42,2,A,APPROVE,51-60
A1332,59,482,2024.23,32.58,4,D,REVIEW,51-60
A1333,51,847,8805.81,40.09,3,A,APPROVE,51-60
A1334,30,666,4581.12,16.61,0,B,APPROVE,18-30
A1335,55,579,2330.95,8.28,3,C,REVIEW,51-60
A1336,65,561,10353.2,16.94,1,C,REVIEW,61-70
A1337,56,648,18975.11,31.89,2,C,REVIEW,51-60
A1338,43,640,7828.75,18.15,2,C,REVIEW,41-50
A1339,65,292,13900.53,16.12,3,E,DENY,61-70
A1340,45,820,13740.24,12.38,0,A,APPROVE,41-50
A1341,38,623,6519.44,24.9,2,C,REVIEW,31-40
A1342,31,341,13707.65,16.04,3,E,DENY,31-40
A1343,51,490,5822.01,34.24,0,D,REVIEW,51-60
A1344,67,631,4196.13,8.06,3,C,REVIEW,61-70
A1345,44,948,14624.9,31.56,0,A,APPROVE,41-50
A1346,53,888,4041.93,14.5,4,A,APPROVE,51-60
A1347,38,852,19944.37,24.57,0,A,APPROVE,31-40
A1348,38,900,5302.14,16.44,1,A,APPROVE,31-40
A1349,35,248,12694.55,33.91,4,E,DENY,31-40
A1350,30,501,9404.74,42.81,3,C,REVIEW,18-30
A1351,61,389,4274.96,41.68,4,D,DENY,61-70
A1352,23,335,2501.19,28.34,4,E,DENY,18-30
A1353,66,754,13209.18,23.5,3,B,APPROVE,61-70
A1354,46,603,16521.64,37.73,3,C,REVIEW,41-50
A1355,60,801,17156.28,32.33,1,A,APPROVE,51-60
A1356,30,540,10688.84,12.34,3,C,REVIEW,18-30
A1357,43,903,15994.2,37.84,2,A,APPROVE,41-50
A1358,64,517,14111.25,22.16,2,C,REVIEW,61-70
A1359,67,817,15036.58,12.56,1,A,APPROVE,61-70
A1360,25,562,10866.78,16.27,0,C,REVIEW,18-30
A1361,47,581,13401.41,15.7,0,C,REVIEW,41-50
A1362,50,432,16499.47,25.77,2,D,REVIEW,41-50
A1363,66,543,9161.92,14.37,3,C,REVIEW,61-70
A1364,55,748,16507.62,9.94,1,B,APPROVE,51-60
A1365,44,752,12656.3,9.95,0,B,APPROVE,41-50
A1366,58,728,4986.22,28.33,0,B,APPROVE,51-60
A1367,32,770,2444.31,34.39,4,B,APPROVE,31-40
A1368,27,382,8529.56,17.86,2,D,DENY,18-30
A1369,39,240,11840.53,6.39,3,E,DENY,31-40
A1370,42,750,17116.77,10.09,1,B,APPROVE,41-50
A1371,63,596,4294.74,41.59,0,C,REVIEW,61-70
A1372,57,903,16403.71,24.74,4,A,APPROVE,51-60
A1373,62,693,17534.16,23.14,2,B,APPROVE,61-70
A1374,59,858,4712.37,6.52,2,A,APPROVE,51-60
A1375,55,532,17328.7,34.15,1,C,REVIEW,51-60
A1376,38,326,19846.16,26.12,0,E,DENY,31-40
A1377,58,757,15083.1,13.08,1,B,APPROVE,51-60
A1378,46,756,16125.85,9.4,1,B,APPROVE,41-50
A1379,59,200,19899.47,20.34,4,E,DENY,51-60
A1380,33,367,12898.66,38.49,2,D,DENY,31-40
A1381,44,819,7541.95,39.61,3,A,APPROVE,41-50
A1382,63,218,17075.56,29.11,2,E,DENY,61-70
A1383,43,531,13060.74,34.1,2,C,REVIEW,41-50
A1384,42,783,12461.52,9.61,4,B,APPROVE,41-50
A1385,48,655,6565.44,28.53,3,B,APPROVE,41-50
A1386,52,308,15614.02,31.68,0,E,DENY,51-60
A1387,27,467,3470.01,13.03,3,D,REVIEW,18-30
A1388,48,644,18637.17,40.21,0,C,REVIEW,41-50
A1389,61,439,7864.82,12.8,3,D,REVIEW,61-70
A1390,55,500,4299.94,17.54,1,C,REVIEW,51-60
A1391,33,801,9962.6,29.82,3,A,APPROVE,31-40
A1392,66,302,2764.46,30.53,4,E,DENY,61-70
A1393,28,449,14323.27,32.98,0,D,REVIEW,18-30
A1394,31,652,18248.7,9.48,2,B,APPROVE,31-40
A1395,66,719,17070.73,38.98,4,B,APPROVE,61-70
A1396,38,352,4292.65,26.31,0,D,DENY,31-40
A1397,47,373,4272.88,23.85,0,D,DENY,41-50
A1398,42,542,16641.82,44.24,2,C,REVIEW,41-50
A1399,49,869,18636.58,34.62,1,A,APPROVE,41-50
A1400,67,630,10292.06,9.72,4,C,REVIEW,61-70
A1401,23,926,10981.48,35.26,2,A,APPROVE,18-30
A1402,64,888,7728.72,8.81,2,A,APPROVE,61-70
A1403,22,886,18096.77,6.1,1,A,APPROVE,18-30
A1404,57,857,13608.25,21.15,4,A,APPROVE,51-60
A1405,47,523,7188.53,44.74,2,C,REVIEW,41-50
A1406,50,872,7378.09,12.0,1,A,APPROVE,41-50
A1407,42,838,18041.6,31.91,4,A,APPROVE,41-50
A1408,32,619,2245.41,11.94,3,C,REVIEW,31-40
A1409,61,793,7809.08,33.99,0,B,APPROVE,61-70
A1410,32,684,11978.42,25.21,1,B,APPROVE,31-40
A1411,57,858,4667.91,32.2,0,A,APPROVE,51-60
A1412,60,611,3657.78,13.11,3,C,REVIEW,51-60
A1413,61,283,16674.97,34.83,2,E,DENY,61-70
A1414,56,312,18099.28,44.82,2,E,DENY,51-60
A1415,55,936,16824.92,31.63,4,A,APPROVE,51-60
A1416,68,531,18178.18,24.74,1,C,REVIEW,61-70
A1417,45,577,11956.02,41.93,1,C,REVIEW,41-50
A1418,43,854,16620.65,5.63,4,A,APPROVE,41-50
A1419,26,240,8912.77,34.2,0,E,DENY,18-30
A1420,54,304,13992.82,40.55,2,E,DENY,51-60
A1421,57,401,19799.04,7.47,2,D,REVIEW,51-60
A1422,68,649,6063.1,23.0,1,C,REVIEW,61-70
A1423,41,465,9018.2,13.19,1,D,REVIEW,41-50
A1424,40,409,10640.85,27.66,4,D,REVIEW,31-40
A1425,56,762,4484.28,30.98,3,B,APPROVE,51-60
A1426,64,317,3458.69,17.1,0,E,DENY,61-70
A1427,38,912,16935.01,23.4,3,A,APPROVE,31-40
A1428,66,576,19582.3,16.17,3,C,REVIEW,61-70
A1429,64,750,9285.05,19.78,1,B,APPROVE,61-70
A1430,55,739,3577.7,11.38,1,B,APPROVE,51-60
A1431,30,283,3184.61,40.42,1,E,DENY,18-30
A1432,47,653,18043.73,5.4,3,B,APPROVE,41-50
A1433,23,866,10348.66,40.3,0,A,APPROVE,18-30
A1434,30,828,7760.49,27.87,1,A,APPROVE,18-30
A1435,30,713,10576.3,18.27,2,B,APPROVE,18-30
A1436,61,804,7729.47,33.92,0,A,APPROVE,61-70
A1437,38,877,10802.64,25.31,2,A,APPROVE,31-40
A1438,22,586,17472.02,24.96,0,C,REVIEW,18-30
A1439,46,549,12661.42,9.41,1,C,REVIEW,41-50
A1440,64,495,14503.77,20.58,4,D,REVIEW,61-70
A1441,61,457,8564.07,14.64,1,D,REVIEW,61-70
A1442,63,280,15293.11,5.63,3,E,DENY,61-70
A1443,46,467,13999.11,19.4,3,D,REVIEW,41-50
A1444,60,618,4152.12,8.59,0,C,REVIEW,51-60
A1445,56,434,12307.57,15.27,3,D,REVIEW,51-60
A1446,24,510,6621.38,8.7,1,C,REVIEW,18-30
A1447,58,556,16473.72,9.04,2,C,REVIEW,51-60
A1448,65,412,9666.88,12.96,1,D,REVIEW,61-70
A1449,65,773,19904.31,44.99,0,B,APPROVE,61-70
A1450,51,248,3665.01,5.09,3,E,DENY,51-60
A1451,59,326,16046.26,30.55,2,E,DENY,51-60
A1452,55,422,14126.63,10.65,4,D,REVIEW,51-60
A1453,33,478,15814.98,41.83,2,D,REVIEW,31-40
A1454,40,607,7535.54,8.75,2,C,REVIEW,31-40
A1455,58,704,10856.98,43.2,1,B,APPROVE,51-60
A1456,65,493,16337.15,29.44,4,D,REVIEW,61-70
A1457,38,476,6185.74,5.05,0,D,REVIEW,31-40
A1458,31,637,6068.6,40.76,0,C,REVIEW,31-40
A1459,68,306,11918.92,25.87,2,E,DENY,61-70
A1460,33,857,11424.14,15.51,2,A,APPROVE,31-40
A1461,37,619,7080.72,35.69,3,C,REVIEW,31-40
A1462,45,810,7365.36,42.07,4,A,APPROVE,41-50
A1463,40,628,7001.21,24.35,2,C,REVIEW,31-40
A1464,29,574,15887.22,17.62,3,C,REVIEW,18-30
A1465,52,272,13734.22,36.56,4,E,DENY,51-60
A1466,42,833,16983.51,32.27,0,A,APPROVE,41-50
A1467,38,229,19558.51,40.55,3,E,DENY,31-40
A1468,44,387,10534.96,32.7,4,D,DENY,41-50
A1469,58,563,3200.49,14.74,3,C,REVIEW,51-60
A1470,37,650,2865.66,42.27,2,B,APPROVE,31-40
A1471,27,394,7321.97,9.19,1,D,DENY,18-30
A1472,29,355,18785.8,15.72,0,D,DENY,18-30
A1473,46,371,11417.83,25.81,2,D,DENY,41-50
A1474,39,240,6892.16,27.63,2,E,DENY,31-40
A1475,46,262,9185.0,5.61,4,E,DENY,41-50
A1476,33,222,12774.71,36.22,3,E,DENY,31-40
A1477,36,559,13753.09,19.46,0,C,REVIEW,31-40
A1478,47,274,4770.55,21.26,2,E,DENY,41-50
A1479,62,759,19586.57,37.37,4,B,APPROVE,61-70
A1480,66,871,11805.9,20.17,0,A,APPROVE,61-70
A1481,47,317,4442.39,6.89,3,E,DENY,41-50
A1482,68,811,18085.43,12.06,2,A,APPROVE,61-70
A1483,53,579,3343.49,43.24,2,C,REVIEW,51-60
A1484,31,878,18339.24,7.82,2,A,APPROVE,31-40
A1485,37,489,19938.18,19.2,0,D,REVIEW,31-40
A1486,28,639,14607.77,25.13,0,C,REVIEW,18-30
A1487,38,867,15868.05,24.73,0,A,APPROVE,31-40
A1488,44,206,8071.45,5.16,0,E,DENY,41-50
A1489,47,395,18948.38,25.05,4,D,DENY,41-50
A1490,42,620,11534.85,20.35,1,C,REVIEW,41-50
A1491,43,767,15182.99,43.88,4,B,APPROVE,41-50
A1492,28,392,18633.94,11.37,2,D,DENY,18-30
A1493,35,758,19553.24,19.17,4,B,APPROVE,31-40
A1494,36,347,16997.68,21.78,3,E,DENY,31-40
A1495,28,868,7454.32,20.63,0,A,APPROVE,18-30
A1496,30,401,19397.86,31.63,3,D,REVIEW,18-30
A1497,69,643,13306.15,13.62,3,C,REVIEW,61-70
A1498,29,618,18751.56,13.84,2,C,REVIEW,18-30
A1499,44,626,14169.89,34.17,0,C,REVIEW,41-50
A1500,50,678,7530.3,25.01,3,B,APPROVE,41-50
A1501,39,674,8660.44,21.61,2,B,APPROVE,31-40
A1502,52,325,11908.49,11.77,0,E,DENY,51-60
A1503,51,594,16220.27,12.5,1,C,REVIEW,51-60
A1504,60,775,7723.69,5.42,2,B,APPROVE,51-60
A1505,56,524,12435.16,8.66,4,C,REVIEW,51-60
A1506,39,591,8221.25,27.27,0,C,REVIEW,31-40
A1507,63,887,16683.85,40.67,3,A,APPROVE,61-70
A1508,60,827,10401.11,16.49,3,A,APPROVE,51-60
A1509,38,639,3381.01,18.11,4,C,REVIEW,31-40
A1510,35,403,4988.95,9.62,4,D,REVIEW,31-40
A1511,52,685,3099.88,20.55,3,B,APPROVE,51-60
A1512,45,230,10987.45,6.49,0,E,DENY,41-50
A1513,56,587,3914.07,41.7,2,C,REVIEW,51-60
A1514,65,824,4054.52,31.92,4,A,APPROVE,61-70
A1515,66,633,18938.87,44.63,4,C,REVIEW,61-70
A1516,55,575,17707.79,40.31,4,C,REVIEW,51-60
A1517,24,543,10137.56,23.92,1,C,REVIEW,18-30
A1518,58,642,19744.5,25.79,0,C,REVIEW,51-60
A1519,64,778,2003.36,12.62,0,B,APPROVE,61-70
A1520,61,274,13051.63,23.48,0,E,DENY,61-70
A1521,47,756,13095.71,41.12,0,B,APPROVE,41-50
A1522,44,865,10233.98,7.03,0,A,APPROVE,41-50
A1523,65,354,9145.06,39.54,3,D,DENY,61-70
A1524,60,629,10196.9,18.64,4,C,REVIEW,51-60
A1525,36,562,9469.29,40.98,3,C,REVIEW,31-40
A1526,25,647,15148.86,42.64,1,C,REVIEW,18-30
A1527,50,433,4436.4,31.83,2,D,REVIEW,41-50
A1528,43,762,5557.51,31.58,4,B,APPROVE,41-50
A1529,46,461,5249.33,23.11,1,D,REVIEW,41-50
A1530,34,324,6724.47,38.42,3,E,DENY,31-40
A1531,39,444,11454.65,43.46,2,D,REVIEW,31-40
A1532,54,741,4001.76,36.0,1,B,APPROVE,51-60
A1533,37,684,17627.05,29.88,2,B,APPROVE,31-40
A1534,66,321,7352.51,29.27,1,E,DENY,61-70
A1535,63,324,4925.68,38.98,3,E,DENY,61-70
A1536,65,748,14161.18,26.65,2,B,APPROVE,61-70
A1537,23,369,2685.55,37.15,1,D,DENY,18-30
A1538,56,323,13159.43,25.36,3,E,DENY,51-60
A1539,63,234,14567.57,7.5,4,E,DENY,61-70
A1540,55,286,5868.5,20.36,3,E,DENY,51-60
A1541,51,845,2755.35,22.78,3,A,APPROVE,51-60
A1542,34,907,8545.62,10.66,4,A,APPROVE,31-40
A1543,34,400,3774.7,9.1,3,D,REVIEW,31-40
A1544,39,568,4096.6,26.42,4,C,REVIEW,31-40
A1545,53,276,6576.7,8.41,4,E,DENY,51-60
A1546,53,258,7318.42,17.12,4,E,DENY,51-60
A1547,56,630,11539.47,34.78,1,C,REVIEW,51-60
A1548,60,837,14211.05,43.58,2,A,APPROVE,51-60
A1549,67,699,12669.88,33.71,1,B,APPROVE,61-70
A1550,50,308,4670.49,44.71,4,E,DENY,41-50
A1551,50,935,5097.55,32.93,2,A,APPROVE,41-50
A1552,65,477,17817.85,16.75,2,D,REVIEW,61-70
A1553,37,267,12050.34,31.88,4,E,DENY,31-40
A1554,65,268,17658.88,33.09,2,E,DENY,61-70
A1555,68,364,8687.84,19.87,2,D,DENY,61-70
A1556,31,688,13059.2,5.71,1,B,APPROVE,31-40
A1557,51,504,11425.94,33.13,2,C,REVIEW,51-60
A1558,46,873,7744.22,5.87,4,A,APPROVE,41-50
A1559,60,564,10458.48,30.25,0,C,REVIEW,51-60
A1560,41,578,11044.84,11.54,0,C,REVIEW,41-50
A1561,26,542,5613.88,27.62,0,C,REVIEW,18-30
A1562,22,753,7670.19,25.16,4,B,APPROVE,18-30
A1563,51,553,16245.38,5.54,0,C,REVIEW,51-60
A1564,24,615,18484.19,19.51,1,C,REVIEW,18-30
A1565,66,308,8476.29,29.04,4,E,DENY,61-70
A1566,35,762,7525.5,38.94,4,B,APPROVE,31-40
A1567,51,696,5513.55,40.55,4,B,APPROVE,51-60
A1568,25,540,14212.84,24.35,2,C,REVIEW,18-30
A1569,39,582,7815.79,34.14,2,C,REVIEW,31-40
A1570,58,732,19779.49,17.66,2,B,APPROVE,51-60
A1571,46,499,7862.33,18.69,3,D,REVIEW,41-50
A1572,69,338,9094.45,12.78,1,E,DENY,61-70
A1573,22,558,12860.02,27.48,4,C,REVIEW,18-30
A1574,67,698,16430.32,17.58,4,B,APPROVE,61-70
A1575,36,584,10451.34,8.37,2,C,REVIEW,31-40
A1576,30,803,9607.81,32.4,4,A,APPROVE,18-30
A1577,36,479,19921.48,33.31,4,D,REVIEW,31-40
A1578,45,836,2188.89,19.4,0,A,APPROVE,41-50
A1579,25,682,18111.18,8.07,4,B,APPROVE,18-30
A1580,33,310,4684.53,22.05,3,E,DENY,31-40
A1581,58,338,16146.65,22.69,2,E,DENY,51-60
A1582,58,634,13122.77,31.75,1,C,REVIEW,51-60
A1583,64,708,8153.25,17.62,1,B,APPROVE,61-70
A1584,27,472,17729.75,32.3,0,D,REVIEW,18-30
A1585,60,298,2232.33,39.86,1,E,DENY,51-60
A1586,67,303,6080.43,14.5,1,E,DENY,61-70
A1587,45,413,12204.07,44.16,2,D,REVIEW,41-50
A1588,32,863,8327.76,20.45,2,A,APPROVE,31-40
A1589,34,364,12986.79,15.69,3,D,DENY,31-40
A1590,55,719,2433.98,21.86,0,B,APPROVE,51-60
A1591,46,483,4096.26,8.78,1,D,REVIEW,41-50
A1592,28,716,4287.73,10.03,3,B,APPROVE,18-30
A1593,25,856,5407.11,21.58,0,A,APPROVE,18-30
A1594,29,812,10267.97,35.5,1,A,APPROVE,18-30
A1595,41,363,15538.32,41.01,1,D,DENY,41-50
A1596,50,858,18299.7,31.59,2,A,APPROVE,41-50
A1597,66,263,17036.71,9.21,4,E,DENY,61-70
A1598,67,290,5543.98,31.88,0,E,DENY,61-70
A1599,31,316,9940.71,30.42,1,E,DENY,31-40
A1600,64,466,5589.41,37.23,0,D,REVIEW,61-70
A1601,55,884,6760.49,38.01,3,A,APPROVE,51-60
A1602,47,758,11063.85,39.73,3,B,APPROVE,41-50
A1603,62,339,3225.96,21.57,4,E,DENY,61-70
A1604,24,445,5927.14,32.91,1,D,REVIEW,18-30
A1605,27,860,18836.81,15.73,2,A,APPROVE,18-30
A1606,26,594,10390.09,44.97,1,C,REVIEW,18-30
A1607,26,686,10016.96,12.01,0,B,APPROVE,18-30
A1608,68,675,2262.21,5.4,3,B,APPROVE,61-70
A1609,44,716,6453.2,10.95,0,B,APPROVE,41-50
A1610,30,383,17593.26,36.03,4,D,DENY,18-30
A1611,56,219,4963.31,22.87,3,E,DENY,51-60
A1612,41,757,9472.25,22.9,2,B,APPROVE,41-50
A1613,63,723,2257.96,43.2,3,B,APPROVE,61-70
A1614,56,781,10610.04,41.79,1,B,APPROVE,51-60
A1615,39,728,2378.38,17.45,1,B,APPROVE,31-40
A1616,38,346,16752.97,13.36,3,E,DENY,31-40
A1617,45,865,16847.37,38.94,4,A,APPROVE,41-50
A1618,24,503,16179.36,41.24,1,C,REVIEW,18-30
A1619,53,819,7100.55,26.66,1,A,APPROVE,51-60
A1620,56,947,17070.27,30.18,2,A,APPROVE,51-60
A1621,59,781,11773.97,15.28,3,B,APPROVE,51-60
A1622,34,894,8728.55,37.03,1,A,APPROVE,31-40
A1623,68,427,13255.94,30.28,4,D,REVIEW,61-70
A1624,46,301,2222.14,25.14,0,E,DENY,41-50
A1625,30,786,4573.3,7.4,3,B,APPROVE,18-30
A1626,25,616,15361.28,41.64,2,C,REVIEW,18-30
A1627,35,415,6394.91,29.62,1,D,REVIEW,31-40
A1628,58,606,12764.16,12.71,4,C,REVIEW,51-60
A1629,55,598,8931.85,29.26,3,C,REVIEW,51-60
A1630,32,914,17386.5,32.1,4,A,APPROVE,31-40
A1631,62,903,19143.48,26.03,4,A,APPROVE,61-70
A1632,24,698,17904.17,33.72,2,B,APPROVE,18-30
A1633,49,664,6871.16,28.26,3,B,APPROVE,41-50
A1634,50,890,5494.93,42.91,1,A,APPROVE,41-50
A1635,30,930,10539.83,7.15,2,A,APPROVE,18-30
A1636,24,281,2132.01,9.25,1,E,DENY,18-30
A1637,46,803,2464.57,11.95,0,A,APPROVE,41-50
A1638,55,886,11959.23,32.61,4,A,APPROVE,51-60
A1639,33,564,11368.09,30.82,0,C,REVIEW,31-40
A1640,63,362,19902.48,40.68,4,D,DENY,61-70
A1641,30,247,5633.15,34.32,2,E,DENY,18-30
A1642,36,710,6645.87,25.33,1,B,APPROVE,31-40
A1643,61,528,4043.73,44.67,1,C,REVIEW,61-70
A1644,46,315,18515.77,15.64,2,E,DENY,41-50
A1645,26,536,16000.6,38.33,3,C,REVIEW,18-30
A1646,32,936,16802.1,22.07,0,A,APPROVE,31-40
A1647,55,346,18249.75,30.95,0,E,DENY,51-60
A1648,45,774,11448.2,34.09,1,B,APPROVE,41-50
A1649,36,522,10121.48,30.35,1,C,REVIEW,31-40
A1650,59,642,7947.05,10.62,1,C,REVIEW,51-60
A1651,29,212,12605.86,22.72,2,E,DENY,18-30
A1652,26,693,10177.01,27.46,3,B,APPROVE,18-30
A1653,69,900,10128.18,38.96,0,A,APPROVE,61-70
A1654,47,486,18864.7,22.75,4,D,REVIEW,41-50
A1655,39,919,19712.57,41.75,2,A,APPROVE,31-40
A1656,27,313,16336.72,22.61,0,E,DENY,18-30
A1657,58,679,15621.65,26.95,3,B,APPROVE,51-60
A1658,69,221,14250.05,36.85,2,E,DENY,61-70
A1659,34,548,4989.35,28.32,0,C,REVIEW,31-40
A1660,49,925,3063.9,43.41,2,A,APPROVE,41-50
A1661,26,882,14433.07,31.41,0,A,APPROVE,18-30
A1662,34,765,15118.15,25.91,0,B,APPROVE,31-40
A1663,38,519,2845.51,5.94,3,C,REVIEW,31-40
A1664,61,325,18704.93,21.55,4,E,DENY,61-70
A1665,66,476,3640.53,16.97,3,D,REVIEW,61-70
A1666,53,403,7146.21,34.92,0,D,REVIEW,51-60
A1667,50,393,14103.02,13.33,2,D,DENY,41-50
A1668,24,880,5057.71,13.21,3,A,APPROVE,18-30
A1669,61,863,2997.49,12.58,4,A,APPROVE,61-70
A1670,55,746,7960.64,10.02,0,B,APPROVE,51-60
A1671,61,895,15787.49,17.44,3,A,APPROVE,61-70
A1672,48,485,9446.22,40.44,3,D,REVIEW,41-50
A1673,34,256,13753.51,36.0,3,E,DENY,31-40
A1674,66,933,12433.14,34.41,3,A,APPROVE,61-70
A1675,54,502,2399.93,36.89,2,C,REVIEW,51-60
A1676,27,362,19793.72,15.78,4,D,DENY,18-30
A1677,45,218,2745.71,40.5,4,E,DENY,41-50
A1678,40,569,19420.45,10.49,0,C,REVIEW,31-40
A1679,37,463,11897.56,18.45,1,D,REVIEW,31-40
A1680,61,312,19336.86,28.47,2,E,DENY,61-70
A1681,49,687,4065.56,9.12,0,B,APPROVE,41-50
A1682,54,526,10827.35,34.21,0,C,REVIEW,51-60
A1683,69,741,5051.07,20.49,3,B,APPROVE,61-70
A1684,62,846,2917.55,36.38,1,A,APPROVE,61-70
A1685,34,778,13115.52,24.72,1,B,APPROVE,31-40
A1686,64,264,5740.1,12.23,2,E,DENY,61-70
A1687,66,491,12578.55,34.39,1,D,REVIEW,61-70
A1688,46,224,4022.56,15.09,0,E,DENY,41-50
A1689,63,748,7975.76,24.63,1,B,APPROVE,61-70
A1690,57,200,16069.39,8.02,1,E,DENY,51-60
A1691,48,748,9866.93,29.71,4,B,APPROVE,41-50
A1692,59,340,13299.42,31.63,0,E,DENY,51-60
A1693,28,943,13654.24,20.15,1,A,APPROVE,18-30
A1694,26,847,17187.59,43.18,1,A,APPROVE,18-30
A1695,64,387,7848.61,39.97,3,D,DENY,61-70
A1696,66,327,14371.32,33.32,1,E,DENY,61-70
A1697,52,400,19309.08,33.55,1,D,REVIEW,51-60
A1698,44,326,15144.38,15.1,4,E,DENY,41-50
A1699,63,456,10817.67,31.27,0,D,REVIEW,61-70
A1700,31,875,13352.91,12.93,2,A,APPROVE,31-40
A1701,53,746,15314.29,10.76,0,B,APPROVE,51-60
A1702,64,393,13020.96,44.98,3,D,DENY,61-70
A1703,51,902,2300.16,29.9,0,A,APPROVE,51-60
A1704,60,303,5505.92,22.24,1,E,DENY,51-60
A1705,52,734,16588.43,16.53,3,B,APPROVE,51-60
A1706,39,464,6907.71,29.16,0,D,REVIEW,31-40
A1707,57,583,15168.12,6.98,3,C,REVIEW,51-60
A1708,23,459,8698.16,8.79,2,D,REVIEW,18-30
A1709,35,613,11393.92,6.31,0,C,REVIEW,31-40
A1710,34,557,3223.52,24.97,1,C,REVIEW,31-40
A1711,50,274,5262.06,29.02,3,E,DENY,41-50
A1712,33,554,19229.55,7.5,4,C,REVIEW,31-40
A1713,60,783,18022.48,33.85,3,B,APPROVE,51-60
A1714,23,387,13740.95,14.22,4,D,DENY,18-30
A1715,53,884,10273.6,32.41,1,A,APPROVE,51-60
A1716,34,489,14163.7,44.28,2,D,REVIEW,31-40
A1717,67,244,13134.99,32.64,4,E,DENY,61-70
A1718,48,772,12233.94,40.33,2,B,APPROVE,41-50
A1719,62,282,3065.19,42.93,3,E,DENY,61-70
A1720,38,322,13390.45,24.47,1,E,DENY,31-40
A1721,61,557,15840.56,33.09,4,C,REVIEW,61-70
A1722,52,727,19893.47,39.08,3,B,APPROVE,51-60
A1723,55,265,2199.41,19.26,0,E,DENY,51-60
A1724,45,856,15143.12,15.46,3,A,APPROVE,41-50
A1725,66,574,12292.21,42.86,2,C,REVIEW,61-70
A1726,56,361,9812.94,34.05,1,D,DENY,51-60
A1727,69,945,4296.26,13.79,1,A,APPROVE,61-70
A1728,27,579,9363.53,22.96,3,C,REVIEW,18-30
A1729,40,855,8378.79,36.86,0,A,APPROVE,31-40
A1730,51,557,7450.94,26.88,2,C,REVIEW,51-60
A1731,28,387,15155.83,31.0,3,D,DENY,18-30
A1732,31,521,14613.06,35.15,3,C,REVIEW,31-40
A1733,62,649,12602.36,29.88,1,C,REVIEW,61-70
A1734,53,673,18895.97,26.6,2,B,APPROVE,51-60
A1735,55,212,8297.38,34.98,0,E,DENY,51-60
A1736,49,383,6388.43,34.1,1,D,DENY,41-50
A1737,36,310,13806.26,30.19,3,E,DENY,31-40
A1738,51,707,5578.65,19.39,1,B,APPROVE,51-60
A1739,58,489,7670.19,21.23,1,D,REVIEW,51-60
A1740,50,494,6042.84,43.82,4,D,REVIEW,41-50
A1741,43,650,3244.76,9.5,1,B,APPROVE,41-50
A1742,25,414,16894.98,15.74,1,D,REVIEW,18-30
A1743,41,831,6581.73,24.7,2,A,APPROVE,41-50
A1744,53,766,10514.5,38.47,1,B,APPROVE,51-60
A1745,57,226,2779.67,11.55,0,E,DENY,51-60
A1746,25,829,14588.11,16.08,3,A,APPROVE,18-30
A1747,48,932,7950.1,7.63,2,A,APPROVE,41-50
A1748,38,430,15405.26,33.24,1,D,REVIEW,31-40
A1749,33,764,9423.26,14.53,0,B,APPROVE,31-40
A1750,43,520,5523.6,20.55,3,C,REVIEW,41-50
A1751,38,432,11237.15,22.75,2,D,REVIEW,31-40
A1752,31,869,4349.08,40.65,0,A,APPROVE,31-40
A1753,22,636,9929.7,21.45,1,C,REVIEW,18-30
A1754,43,732,7711.5,10.81,4,B,APPROVE,41-50
A1755,47,602,18415.27,25.97,4,C,REVIEW,41-50
A1756,39,252,3096.72,43.52,2,E,DENY,31-40
A1757,35,512,14492.31,29.31,0,C,REVIEW,31-40
A1758,68,480,5289.52,44.34,3,D,REVIEW,61-70
A1759,50,925,7742.81,38.64,0,A,APPROVE,41-50
A1760,33,230,9479.25,6.44,4,E,DENY,31-40
A1761,57,536,18344.27,31.34,2,C,REVIEW,51-60
A1762,56,382,6366.41,16.47,1,D,DENY,51-60
A1763,33,222,3643.56,27.38,0,E,DENY,31-40
A1764,28,743,7736.41,16.17,4,B,APPROVE,18-30
A1765,50,645,3884.17,18.95,3,C,REVIEW,41-50
A1766,32,273,4314.74,41.93,2,E,DENY,31-40
A1767,54,209,12329.31,13.27,1,E,DENY,51-60
A1768,27,683,3096.23,39.96,0,B,APPROVE,18-30
A1769,68,655,2556.76,6.22,3,B,APPROVE,61-70
A1770,36,765,14859.45,8.64,1,B,APPROVE,31-40
A1771,53,763,8509.65,39.19,4,B,APPROVE,51-60
A1772,32,859,4256.76,30.22,4,A,APPROVE,31-40
A1773,44,359,6565.03,34.89,3,D,DENY,41-50
A1774,47,213,13557.56,13.38,4,E,DENY,41-50
A1775,55,377,6959.66,26.48,2,D,DENY,51-60
A1776,67,611,10901.38,34.49,3,C,REVIEW,61-70
A1777,55,252,4190.52,30.09,4,E,DENY,51-60
A1778,50,607,12585.69,23.87,0,C,REVIEW,41-50
A1779,25,221,7689.4,43.39,4,E,DENY,18-30
A1780,38,229,13285.43,32.05,2,E,DENY,31-40
A1781,56,902,16551.11,41.31,1,A,APPROVE,51-60
A1782,34,459,13009.64,34.19,1,D,REVIEW,31-40
A1783,62,404,7323.46,34.42,4,D,REVIEW,61-70
A1784,60,258,6603.39,8.2,1,E,DENY,51-60
A1785,36,670,7893.58,19.38,4,B,APPROVE,31-40
A1786,50,665,4963.17,39.33,2,B,APPROVE,41-50
A1787,50,211,5261.09,14.3,1,E,DENY,41-50
A1788,32,830,16232.44,9.62,0,A,APPROVE,31-40
A1789,53,489,8925.19,18.04,4,D,REVIEW,51-60
A1790,23,553,9847.91,13.82,1,C,REVIEW,18-30
A1791,68,838,12692.89,42.01,2,A,APPROVE,61-70
A1792,35,274,12613.76,39.72,2,E,DENY,31-40
A1793,41,915,3212.78,24.99,0,A,APPROVE,41-50
A1794,43,760,16967.73,7.45,2,B,APPROVE,41-50
A1795,32,790,5191.88,33.58,2,B,APPROVE,31-40
A1796,48,640,15015.29,29.94,1,C,REVIEW,41-50
A1797,24,440,15908.08,43.82,4,D,REVIEW,18-30
A1798,38,353,14868.19,27.36,3,D,DENY,31-40
A1799,65,295,12421.6,18.46,2,E,DENY,61-70
A1800,49,925,2262.96,25.76,2,A,APPROVE,41-50
A1801,50,493,8486.76,44.17,3,D,REVIEW,41-50
A1802,42,408,12887.11,32.85,2,D,REVIEW,41-50
A1803,68,542,8974.12,31.88,1,C,REVIEW,61-70
A1804,37,287,17542.64,14.63,1,E,DENY,31-40
A1805,58,589,7558.44,34.74,3,C,REVIEW,51-60
A1806,41,524,7283.63,35.01,2,C,REVIEW,41-50
A1807,27,356,6787.96,17.69,2,D,DENY,18-30
A1808,40,867,7990.06,24.35,4,A,APPROVE,31-40
A1809,26,850,12033.29,16.78,2,A,APPROVE,18-30
A1810,24,832,14726.28,15.35,1,A,APPROVE,18-30
A1811,22,776,13926.22,6.04,0,B,APPROVE,18-30
A1812,59,818,16538.92,16.41,0,A,APPROVE,51-60
A1813,36,858,17946.45,27.16,0,A,APPROVE,31-40
A1814,55,336,16689.42,5.06,0,E,DENY,51-60
A1815,56,873,2341.02,16.33,2,A,APPROVE,51-60
A1816,46,627,15246.52,40.26,2,C,REVIEW,41-50
A1817,45,651,5751.19,28.75,4,B,APPROVE,41-50
A1818,33,811,4392.7,29.31,2,A,APPROVE,31-40
A1819,39,340,13492.8,21.13,0,E,DENY,31-40
A1820,36,282,7755.38,32.06,3,E,DENY,31-40
A1821,65,376,3028.11,12.6,3,D,DENY,61-70
A1822,37,397,4477.34,37.75,1,D,DENY,31-40
A1823,48,823,2016.73,9.67,1,A,APPROVE,41-50
A1824,29,767,18258.03,31.24,2,B,APPROVE,18-30
A1825,67,890,2443.12,18.65,3,A,APPROVE,61-70
A1826,46,620,5770.2,34.9,0,C,REVIEW,41-50
A1827,38,600,9492.73,26.99,0,C,REVIEW,31-40
A1828,50,897,8418.28,23.09,0,A,APPROVE,41-50
A1829,29,670,18411.07,11.78,2,B,APPROVE,18-30
A1830,36,417,2725.2,30.47,2,D,REVIEW,31-40
A1831,48,928,11219.86,43.99,4,A,APPROVE,41-50
A1832,67,831,14248.63,38.02,0,A,APPROVE,61-70
A1833,28,374,18770.56,7.4,0,D,DENY,18-30
A1834,24,222,13166.68,20.05,2,E,DENY,18-30
A1835,50,924,16467.59,42.02,2,A,APPROVE,41-50
A1836,65,434,3507.05,25.12,4,D,REVIEW,61-70
A1837,45,212,8946.91,31.48,4,E,DENY,41-50
A1838,24,300,8731.05,41.5,1,E,DENY,18-30
A1839,41,735,17953.19,39.95,3,B,APPROVE,41-50
A1840,67,722,4724.68,25.07,0,B,APPROVE,61-70
A1841,36,651,4733.95,22.51,0,B,APPROVE,31-40
A1842,46,630,7914.05,18.59,4,C,REVIEW,41-50
A1843,51,805,2980.39,33.76,4,A,APPROVE,51-60
A1844,35,912,5284.24,16.48,1,A,APPROVE,31-40
A1845,28,732,19373.77,15.0,3,B,APPROVE,18-30
A1846,38,922,9707.31,19.25,1,A,APPROVE,31-40
A1847,65,851,13376.35,12.09,3,A,APPROVE,61-70
A1848,41,492,15070.0,32.8,0,D,REVIEW,41-50
A1849,57,300,8605.31,29.65,1,E,DENY,51-60
A1850,30,701,4650.09,24.32,4,B,APPROVE,18-30
A1851,59,503,5718.46,20.61,1,C,REVIEW,51-60
A1852,69,739,7638.8,41.36,1,B,APPROVE,61-70
A1853,43,752,13449.23,6.16,0,B,APPROVE,41-50
A1854,23,554,9169.05,35.76,4,C,REVIEW,18-30
A1855,45,502,2122.66,41.08,4,C,REVIEW,41-50
A1856,29,695,11421.33,22.85,2,B,APPROVE,18-30
A1857,32,857,18587.24,27.03,2,A,APPROVE,31-40
A1858,34,426,16617.4,42.78,2,D,REVIEW,31-40
A1859,38,435,16853.8,13.49,0,D,REVIEW,31-40
A1860,29,654,16311.04,25.81,1,B,APPROVE,18-30
A1861,42,212,7827.15,23.99,4,E,DENY,41-50
A1862,39,409,15773.49,15.34,4,D,REVIEW,31-40
A1863,51,940,4576.9,37.74,1,A,APPROVE,51-60
A1864,39,596,13838.89,40.98,4,C,REVIEW,31-40
A1865,67,299,13548.23,36.28,1,E,DENY,61-70
A1866,68,230,2460.26,12.81,0,E,DENY,61-70
A1867,52,727,16183.46,8.47,0,B,APPROVE,51-60
A1868,59,848,18258.47,29.22,0,A,APPROVE,51-60
A1869,53,528,6813.48,7.28,1,C,REVIEW,51-60
A1870,32,365,16623.03,31.91,1,D,DENY,31-40
A1871,66,658,3483.31,26.22,3,B,APPROVE,61-70
A1872,46,299,12799.42,31.51,4,E,DENY,41-50
A1873,54,820,10741.64,28.61,4,A,APPROVE,51-60
A1874,59,372,11826.62,21.91,3,D,DENY,51-60
A1875,62,948,18671.69,13.04,3,A,APPROVE,61-70
A1876,29,361,17683.67,17.23,0,D,DENY,18-30
A1877,32,927,16131.51,25.98,3,A,APPROVE,31-40
A1878,43,462,6926.57,31.07,1,D,REVIEW,41-50
A1879,45,473,18412.74,36.18,2,D,REVIEW,41-50
A1880,62,202,3755.14,35.69,1,E,DENY,61-70
A1881,38,227,17359.93,43.91,3,E,DENY,31-40
A1882,33,525,7906.88,16.43,4,C,REVIEW,31-40
A1883,67,348,2967.9,7.84,1,E,DENY,61-70
A1884,53,739,14048.43,18.83,4,B,APPROVE,51-60
A1885,36,687,6163.04,34.73,1,B,APPROVE,31-40
A1886,37,637,6384.28,22.52,4,C,REVIEW,31-40
A1887,43,264,7508.85,37.71,1,E,DENY,41-50
A1888,49,555,3146.33,26.97,4,C,REVIEW,41-50
A1889,41,732,5188.29,42.19,2,B,APPROVE,41-50
A1890,54,451,2092.51,42.91,0,D,REVIEW,51-60
A1891,31,434,10017.37,7.77,1,D,REVIEW,31-40
A1892,61,426,3516.6,23.26,2,D,REVIEW,61-70
A1893,53,724,14287.75,29.39,0,B,APPROVE,51-60
A1894,54,512,6241.21,15.23,1,C,REVIEW,51-60
A1895,23,248,18984.33,21.28,2,E,DENY,18-30
A1896,54,317,17682.53,32.11,2,E,DENY,51-60
A1897,54,253,7209.94,14.07,2,E,DENY,51-60
A1898,62,849,16097.88,29.08,3,A,APPROVE,61-70
A1899,34,764,16458.41,32.9,4,B,APPROVE,31-40
A1900,51,243,19758.14,8.62,0,E,DENY,51-60
A1901,54,252,12761.12,24.9,4,E,DENY,51-60
A1902,34,785,3475.38,15.52,4,B,APPROVE,31-40
A1903,47,757,13643.07,33.98,4,B,APPROVE,41-50
A1904,43,724,13249.64,12.58,2,B,APPROVE,41-50
A1905,60,876,13490.31,40.69,4,A,APPROVE,51-60
A1906,23,301,7528.62,22.24,3,E,DENY,18-30
A1907,59,597,17474.23,12.92,1,C,REVIEW,51-60
A1908,60,337,19270.5,22.52,2,E,DENY,51-60
A1909,47,874,5918.83,21.35,0,A,APPROVE,41-50
A1910,67,586,3586.74,22.16,1,C,REVIEW,61-70
A1911,36,310,5501.63,28.42,1,E,DENY,31-40
A1912,55,813,16769.94,25.85,1,A,APPROVE,51-60
A1913,63,216,14179.6,10.99,4,E,DENY,61-70
A1914,65,381,13448.85,7.62,4,D,DENY,61-70
A1915,61,735,9232.28,34.18,2,B,APPROVE,61-70
A1916,32,740,12400.9,27.39,4,B,APPROVE,31-40
A1917,24,370,7541.73,19.36,4,D,DENY,18-30
A1918,27,608,10589.6,37.33,4,C,REVIEW,18-30
A1919,30,939,16275.13,20.52,2,A,APPROVE,18-30
A1920,27,577,19662.35,36.84,2,C,REVIEW,18-30
A1921,30,387,18784.8,17.23,3,D,DENY,18-30
A1922,60,429,18809.59,7.91,3,D,REVIEW,51-60
A1923,52,318,9240.03,42.31,3,E,DENY,51-60
A1924,53,355,10438.22,20.78,3,D,DENY,51-60
A1925,62,886,14701.44,36.71,1,A,APPROVE,61-70
A1926,33,664,18599.45,16.17,1,B,APPROVE,31-40
A1927,29,303,4555.9,30.85,3,E,DENY,18-30
A1928,29,803,7476.35,39.93,3,A,APPROVE,18-30
A1929,49,897,4506.44,6.67,0,A,APPROVE,41-50
A1930,41,701,13016.15,38.23,1,B,APPROVE,41-50
A1931,68,892,7513.42,27.85,0,A,APPROVE,61-70
A1932,28,881,7869.94,29.3,0,A,APPROVE,18-30
A1933,32,898,3276.49,25.93,4,A,APPROVE,31-40
A1934,41,374,8296.33,39.98,2,D,DENY,41-50
A1935,37,933,17524.94,6.74,1,A,APPROVE,31-40
A1936,25,944,6195.31,15.44,3,A,APPROVE,18-30
A1937,27,873,14513.37,40.03,3,A,APPROVE,18-30
A1938,43,620,13333.31,35.09,2,C,REVIEW,41-50
A1939,47,333,17542.72,5.71,1,E,DENY,41-50
A1940,24,590,4381.18,25.68,3,C,REVIEW,18-30
A1941,62,935,19596.62,26.18,3,A,APPROVE,61-70
A1942,63,700,12487.32,21.04,4,B,APPROVE,61-70
A1943,35,864,19918.53,16.9,0,A,APPROVE,31-40
A1944,32,232,18407.27,32.27,3,E,DENY,31-40
A1945,39,254,5987.31,13.31,1,E,DENY,31-40
A1946,33,718,3010.92,36.96,2,B,APPROVE,31-40
A1947,44,837,6601.5,37.12,4,A,APPROVE,41-50
A1948,33,211,11496.15,21.61,1,E,DENY,31-40
A1949,34,727,5088.73,16.34,4,B,APPROVE,31-40
A1950,46,919,5014.28,16.36,0,A,APPROVE,41-50
A1951,66,754,10326.68,24.29,3,B,APPROVE,61-70
A1952,40,572,2598.82,33.78,1,C,REVIEW,31-40
A1953,67,683,4193.99,19.35,2,B,APPROVE,61-70
A1954,57,846,9485.5,29.4,0,A,APPROVE,51-60
A1955,66,427,3136.34,20.3,0,D,REVIEW,61-70
A1956,29,822,9141.59,17.18,4,A,APPROVE,18-30
A1957,50,506,10532.11,5.99,0,C,REVIEW,41-50
A1958,53,656,10122.8,5.16,1,B,APPROVE,51-60
A1959,65,359,17645.15,14.09,4,D,DENY,61-70
A1960,39,530,11541.12,21.26,0,C,REVIEW,31-40
A1961,27,424,10423.65,39.05,2,D,REVIEW,18-30
A1962,39,928,9392.77,36.94,1,A,APPROVE,31-40
A1963,40,703,16717.22,15.69,2,B,APPROVE,31-40
A1964,43,655,18111.02,14.78,2,B,APPROVE,41-50
A1965,58,244,17358.36,14.09,4,E,DENY,51-60
A1966,53,413,14123.84,18.57,3,D,REVIEW,51-60
A1967,62,258,4472.51,24.93,4,E,DENY,61-70
A1968,24,843,6983.66,22.55,1,A,APPROVE,18-30
A1969,49,815,2829.14,13.73,1,A,APPROVE,41-50
A1970,31,394,18754.83,10.22,4,D,DENY,31-40
A1971,56,688,13894.37,5.5,3,B,APPROVE,51-60
A1972,50,356,15434.53,11.16,4,D,DENY,41-50
A1973,36,809,7608.29,33.21,1,A,APPROVE,31-40
A1974,54,425,17221.76,14.75,3,D,REVIEW,51-60
A1975,28,611,6672.86,23.74,1,C,REVIEW,18-30
A1976,33,404,2029.59,28.65,3,D,REVIEW,31-40
A1977,51,278,8775.47,40.47,3,E,DENY,51-60
A1978,42,323,12273.71,40.55,4,E,DENY,41-50
A1979,52,670,10616.69,34.83,4,B,APPROVE,51-60
A1980,45,417,17517.37,6.41,4,D,REVIEW,41-50
A1981,41,715,3897.3,28.0,3,B,APPROVE,41-50
A1982,58,801,11968.82,36.46,3,A,APPROVE,51-60
A1983,25,303,11233.63,5.69,1,E,DENY,18-30
A1984,49,592,7065.07,26.99,2,C,REVIEW,41-50
A1985,65,830,16800.11,39.31,4,A,APPROVE,61-70
A1986,41,844,15551.28,23.96,1,A,APPROVE,41-50
A1987,45,807,15191.47,5.16,1,A,APPROVE,41-50
A1988,53,633,17771.46,5.44,0,C,REVIEW,51-60
A1989,62,530,15010.12,21.67,4,C,REVIEW,61-70
A1990,57,342,6173.14,11.2,1,E,DENY,51-60
A1991,55,739,14700.13,31.58,0,B,APPROVE,51-60
A1992,57,477,7538.65,33.35,4,D,REVIEW,51-60
A1993,23,432,6359.14,12.12,3,D,REVIEW,18-30
A1994,36,728,3314.06,40.54,0,B,APPROVE,31-40
A1995,55,770,15392.51,22.68,3,B,APPROVE,51-60
A1996,57,289,14798.02,10.71,2,E,DENY,51-60
A1997,27,691,6220.99,35.57,2,B,APPROVE,18-30
A1998,60,398,15488.82,36.6,2,D,DENY,51-60
A1999,63,561,18521.14,30.57,2,C,REVIEW,61-70
